"Message",Low,"已启动生成。"
"Message",Low,"项目“Unnamed_1”(默认目标):"
"Message",Low,"正在使用工具版本“4.0”进行生成。"
"Message",Low,"来自项目“D:\UWP-master\NavDemo\NavDemo\Unnamed_1”的文件“C:\Program Files (x86)\MSBuild\15.0\.Net\.NetNative\15.0.24211\x86\ilc\IlcInternals.targets”中的目标“PrintILCStartMessage”(目标“Build”依赖于它):"
"Message",Low,"正在使用程序集“C:\Program Files (x86)\MSBuild\15.0\.Net\.NetNative\15.0.24211\x86\ilc\ilc.exe”中的“IlcMessageTask”任务。"
"Message",Low,"任务“IlcMessageTask”"
"Message",High,"Starting .NET Native compilation"
"Message",Low,"已完成执行任务“IlcMessageTask”的操作。"
"Message",Low,"已完成在项目“Unnamed_1”中生成目标“PrintILCStartMessage”的操作。"
"Message",Low,"来自项目“D:\UWP-master\NavDemo\NavDemo\Unnamed_1”的文件“C:\Program Files (x86)\MSBuild\15.0\.Net\.NetNative\15.0.24211\x86\ilc\IlcInternals.targets”中的目标“RunGatekeeper”(目标“Build”依赖于它):"
"Message",Low,"正在使用程序集“Microsoft.Build.Tasks.v4.0, Version=4.0.0.0, Culture=neutral, PublicKeyToken=b03f5f7f11d50a3a”中的“WriteLinesToFile”任务。"
"Message",Low,"任务“WriteLinesToFile”"
"Message",Low,"已完成执行任务“WriteLinesToFile”的操作。"
"Message",Low,"正在使用程序集“Microsoft.Build.ILTasks”中的“StartProcessTask”任务。"
"Message",Low,"任务“StartProcessTask”"
"Message",Normal,"Launching 'C:\Program Files (x86)\MSBuild\15.0\.Net\.NetNative\15.0.24211\x86\ilc\tools\Gatekeeper.exe @""D:\UWP-master\NavDemo\NavDemo\obj\x86\Release\ilc\intermediate\gkargs.rsp""'"
"Message",Low,"Microsoft (R) .NET Native Gatekeeper Version 1.0.24211.00 "
"Message",Low,"Copyright (C) Microsoft Corporation.  All rights reserved. "
"Message",Low," "
"Message",Low,"Checking assembly 'D:\UWP-master\NavDemo\NavDemo\obj\x86\Release\ilc\in\GalaSoft.MvvmLight.dll'. "
"Message",Low,"Checking assembly 'D:\UWP-master\NavDemo\NavDemo\obj\x86\Release\ilc\in\GalaSoft.MvvmLight.Extras.dll'. "
"Message",Low,"Checking assembly 'D:\UWP-master\NavDemo\NavDemo\obj\x86\Release\ilc\in\Microsoft.Graphics.Canvas.winmd'. "
"Message",Low,"Checking assembly 'D:\UWP-master\NavDemo\NavDemo\obj\x86\Release\ilc\in\Microsoft.Practices.ServiceLocation.dll'. "
"Message",Low,"Checking assembly 'D:\UWP-master\NavDemo\NavDemo\obj\x86\Release\ilc\in\Microsoft.Practices.Unity.dll'. "
"Message",Low,"Checking assembly 'D:\UWP-master\NavDemo\NavDemo\obj\x86\Release\ilc\in\Microsoft.Practices.Unity.RegistrationByConvention.dll'. "
"Message",Low,"Checking assembly 'D:\UWP-master\NavDemo\NavDemo\obj\x86\Release\ilc\in\Microsoft.Threading.Tasks.dll'. "
"Message",Low,"Checking assembly 'D:\UWP-master\NavDemo\NavDemo\obj\x86\Release\ilc\in\Microsoft.Threading.Tasks.Extensions.dll'. "
"Message",Low,"Checking assembly 'D:\UWP-master\NavDemo\NavDemo\obj\x86\Release\ilc\in\Microsoft.Toolkit.Uwp.dll'. "
"Message",Low,"Checking assembly 'D:\UWP-master\NavDemo\NavDemo\obj\x86\Release\ilc\in\Microsoft.Xaml.Interactions.dll'. "
"Message",Low,"Checking assembly 'D:\UWP-master\NavDemo\NavDemo\obj\x86\Release\ilc\in\Microsoft.Xaml.Interactivity.dll'. "
"Message",Low,"Checking assembly 'D:\UWP-master\NavDemo\NavDemo\obj\x86\Release\ilc\in\MVVMSidekick_UAP10.dll'. "
"Message",Low,"Checking assembly 'D:\UWP-master\NavDemo\NavDemo\obj\x86\Release\ilc\in\NavDemo.exe'. "
"Message",Low,"Checking assembly 'D:\UWP-master\NavDemo\NavDemo\obj\x86\Release\ilc\in\Newtonsoft.Json.dll'. "
"Message",Low,"Checking assembly 'D:\UWP-master\NavDemo\NavDemo\obj\x86\Release\ilc\in\SQLite.Net.dll'. "
"Message",Low,"Checking assembly 'D:\UWP-master\NavDemo\NavDemo\obj\x86\Release\ilc\in\SQLite.Net.Platform.WinRT.dll'. "
"Message",Low,"Checking assembly 'D:\UWP-master\NavDemo\NavDemo\obj\x86\Release\ilc\in\System.Reactive.Core.dll'. "
"Message",Low,"Checking assembly 'D:\UWP-master\NavDemo\NavDemo\obj\x86\Release\ilc\in\System.Reactive.Interfaces.dll'. "
"Message",Low,"Checking assembly 'D:\UWP-master\NavDemo\NavDemo\obj\x86\Release\ilc\in\System.Reactive.Linq.dll'. "
"Message",Low,"Checking assembly 'D:\UWP-master\NavDemo\NavDemo\obj\x86\Release\ilc\in\System.Reactive.PlatformServices.dll'. "
"Message",Normal,"'C:\Program Files (x86)\MSBuild\15.0\.Net\.NetNative\15.0.24211\x86\ilc\tools\Gatekeeper.exe @""D:\UWP-master\NavDemo\NavDemo\obj\x86\Release\ilc\intermediate\gkargs.rsp""' completed."
"Message",Normal,"Process execution statistics (all times in milliseconds)"
"Message",Normal,"-----------------------------------------------------------------------------"
"Message",Normal,"launch  |  start   |   stop   |   end    | duration | lifetime | [slot] name"
"Message",Normal,"-----------------------------------------------------------------------------"
"Message",Normal,"       0 |       15 |      797 |      797 |      782 |      797 | [0] Gatekeeper"
"Message",Normal,"Number of commands:      1"
"Message",Normal,"Total system time:       797 ms"
"Message",Normal,"System time per command: 797 ms"
"Message",Normal,"Total duration:          782 ms"
"Message",Normal,"Total lifetime:          797 ms"
"Message",Normal,"Requested DOP:           8"
"Message",Normal,"Duration DOP:            1.0"
"Message",Normal,"Lifetime DOP:            1.0"
"Message",Low,"已完成执行任务“StartProcessTask”的操作。"
"Message",Low,"已完成在项目“Unnamed_1”中生成目标“RunGatekeeper”的操作。"
"Message",Low,"来自项目“D:\UWP-master\NavDemo\NavDemo\Unnamed_1”的文件“C:\Program Files (x86)\MSBuild\15.0\.Net\.NetNative\15.0.24211\x86\ilc\IlcInternals.targets”中的目标“LogAppContextSwitches”(目标“SetMainTargetPaths”依赖于它):"
"Message",Low,"正在使用程序集“Microsoft.Build.Tasks.v4.0, Version=4.0.0.0, Culture=neutral, PublicKeyToken=b03f5f7f11d50a3a”中的“Message”任务。"
"Message",Low,"任务“Message”"
"Message",Normal,"AppContextSwitch: ''"
"Message",Low,"已完成执行任务“Message”的操作。"
"Message",Low,"已完成在项目“Unnamed_1”中生成目标“LogAppContextSwitches”的操作。"
"Message",Low,"来自项目“D:\UWP-master\NavDemo\NavDemo\Unnamed_1”的文件“C:\Program Files (x86)\MSBuild\15.0\.Net\.NetNative\15.0.24211\x86\ilc\IlcInternals.targets”中的目标“SetMainTargetPaths”(目标“CopyNativeExecutablesToOutput”依赖于它):"
"Message",Low,"已完成在项目“Unnamed_1”中生成目标“SetMainTargetPaths”的操作。"
"Message",Low,"由于条件的计算结果为 false，已跳过目标“GenerateFakeExe”；(!Exists('@(InputILTarget)'))的计算结果为(!Exists('D:\UWP-master\NavDemo\NavDemo\obj\x86\Release\ilc\in\NavDemo.exe'))。"
"Message",Low,"由于条件的计算结果为 false，已跳过目标“InjectCoreLibTypeForwards”；('$(UseSharedAssemblies)' != 'true')的计算结果为('true' != 'true')。"
"Message",Low,"来自项目“D:\UWP-master\NavDemo\NavDemo\Unnamed_1”的文件“C:\Program Files (x86)\MSBuild\15.0\.Net\.NetNative\15.0.24211\x86\ilc\IlcInternals.targets”中的目标“InjectWindowsRuntimeTypeForwards”(目标“RunILTransforms”依赖于它):"
"Message",Low,"正在使用程序集“Microsoft.Build.Tasks.v4.0, Version=4.0.0.0, Culture=neutral, PublicKeyToken=b03f5f7f11d50a3a”中的“MakeDir”任务。"
"Message",Low,"任务“MakeDir”"
"Message",Normal,"正在创建目录“D:\UWP-master\NavDemo\NavDemo\obj\x86\Release\ilc\intermediate\TransformedSRWR\”。"
"Message",Low,"已完成执行任务“MakeDir”的操作。"
"Message",Low,"正在使用程序集“Microsoft.Build.ILTasks”中的“ILTransformTask”任务。"
"Message",Low,"任务“ILTransformTask”"
"Message",Normal,"Running 'InjectWindowsRuntimeTypeForwards' transform, heap at 4 MB."
"Message",Normal,"Running 'WriteAssemblies' transform, heap at 10 MB."
"Message",Normal,""
"Message",Normal,"Transform summary"
"Message",Normal,"    ms | heap delta | name"
"Message",Normal,"    77 |          6 | InjectWindowsRuntimeTypeForwards"
"Message",Normal,"    51 |          2 | WriteAssemblies"
"Message",Low,"已完成执行任务“ILTransformTask”的操作。"
"Message",Low,"已完成在项目“Unnamed_1”中生成目标“InjectWindowsRuntimeTypeForwards”的操作。"
"Message",Low,"由于条件的计算结果为 false，已跳过目标“InjectCoreLibTypeForwards”；('$(UseSharedAssemblies)' != 'true')的计算结果为('true' != 'true')。"
"Message",Low,"来自项目“D:\UWP-master\NavDemo\NavDemo\Unnamed_1”的文件“C:\Program Files (x86)\MSBuild\15.0\.Net\.NetNative\15.0.24211\x86\ilc\IlcInternals.targets”中的目标“PreResolveTransforms”(目标“RunILTransforms”依赖于它):"
"Message",Low,"正在完全生成目标“PreResolveTransforms”。"
"Message",Low,"输出文件“D:\UWP-master\NavDemo\NavDemo\obj\x86\Release\ilc\intermediate\PreMergeILTransformed\NavDemo.exe”不存在。"
"Message",Low,"任务“MakeDir”"
"Message",Normal,"正在创建目录“D:\UWP-master\NavDemo\NavDemo\obj\x86\Release\ilc\intermediate\PreMergeILTransformed\”。"
"Message",Low,"已完成执行任务“MakeDir”的操作。"
"Message",Low,"任务“Message”"
"Message",Normal,"Running AssemblyClosureTask in PreResolveTransforms"
"Message",Low,"已完成执行任务“Message”的操作。"
"Message",Low,"正在使用程序集“Microsoft.Build.ILTasks”中的“AssemblyClosureTask”任务。"
"Message",Low,"任务“AssemblyClosureTask”"
"Message",Low,"已完成执行任务“AssemblyClosureTask”的操作。"
"Message",Low,"任务“ILTransformTask”"
"Message",Normal,"Running 'ResolveSelfReferences' transform, heap at 34 MB."
"Message",Normal,"Running 'RemoveDuplicateMembers' transform, heap at 76 MB."
"Message",Normal,"Running 'PortableLib' transform, heap at 76 MB."
"Warning","C:\Program Files (x86)\MSBuild\15.0\.Net\.NetNative\15.0.24211\x86\ilc\IlcInternals.targets",1638,5,"ILTransform_0017: Assembly 'Microsoft.Threading.Tasks.Extensions' requests the address of the virtual method 'Stream.BeginRead(byte[], int, int, AsyncCallback, object)' which is not available in the targeted .NET platform. Please ask the author of 'Microsoft.Threading.Tasks.Extensions' to provide an implementation that can be used in the currently targeted .NET platform."
"Warning","C:\Program Files (x86)\MSBuild\15.0\.Net\.NetNative\15.0.24211\x86\ilc\IlcInternals.targets",1638,5,"ILTransform_0017: Assembly 'Microsoft.Threading.Tasks.Extensions' requests the address of the virtual method 'Stream.EndRead(IAsyncResult)' which is not available in the targeted .NET platform. Please ask the author of 'Microsoft.Threading.Tasks.Extensions' to provide an implementation that can be used in the currently targeted .NET platform."
"Warning","C:\Program Files (x86)\MSBuild\15.0\.Net\.NetNative\15.0.24211\x86\ilc\IlcInternals.targets",1638,5,"ILTransform_0017: Assembly 'Microsoft.Threading.Tasks.Extensions' requests the address of the virtual method 'Stream.BeginWrite(byte[], int, int, AsyncCallback, object)' which is not available in the targeted .NET platform. Please ask the author of 'Microsoft.Threading.Tasks.Extensions' to provide an implementation that can be used in the currently targeted .NET platform."
"Warning","C:\Program Files (x86)\MSBuild\15.0\.Net\.NetNative\15.0.24211\x86\ilc\IlcInternals.targets",1638,5,"ILTransform_0017: Assembly 'Microsoft.Threading.Tasks.Extensions' requests the address of the virtual method 'Stream.EndWrite(IAsyncResult)' which is not available in the targeted .NET platform. Please ask the author of 'Microsoft.Threading.Tasks.Extensions' to provide an implementation that can be used in the currently targeted .NET platform."
"Message",Normal,"Running 'WriteAssemblies' transform, heap at 113 MB."
"Message",Normal,""
"Message",Normal,"Transform summary"
"Message",Normal,"    ms | heap delta | name"
"Message",Normal,"  1066 |         42 | ResolveSelfReferences"
"Message",Normal,"   282 |        -45 | WriteAssemblies"
"Message",Normal,"   214 |         37 | PortableLib"
"Message",Normal,"     0 |          0 | RemoveDuplicateMembers"
"Message",Low,"已完成执行任务“ILTransformTask”的操作。"
"Message",Low,"正在使用程序集“Microsoft.Build.Tasks.v4.0, Version=4.0.0.0, Culture=neutral, PublicKeyToken=b03f5f7f11d50a3a”中的“Copy”任务。"
"Message",Low,"任务“Copy”"
"Message",Normal,"正在将文件从“D:\UWP-master\NavDemo\NavDemo\obj\x86\Release\ilc\in\NavDemo.pdb”复制到“D:\UWP-master\NavDemo\NavDemo\obj\x86\Release\ilc\intermediate\PreMergeILTransformed\NavDemo.pdb”。"
"Message",Low,"已完成执行任务“Copy”的操作。"
"Message",Low,"任务“Copy”"
"Message",Normal,"正在将文件从“D:\UWP-master\NavDemo\NavDemo\obj\x86\Release\ilc\in\NavDemo.exe”复制到“D:\UWP-master\NavDemo\NavDemo\obj\x86\Release\ilc\intermediate\PreMergeILTransformed\NavDemo.exe”。"
"Message",Low,"已完成执行任务“Copy”的操作。"
"Message",Low,"由于 false 条件，已跳过任务“Copy”；('$(HasMcgPatchDlls)'=='true')计算为(''=='true')。"
"Message",Low,"已完成在项目“Unnamed_1”中生成目标“PreResolveTransforms”的操作。"
"Message",Low,"来自项目“D:\UWP-master\NavDemo\NavDemo\Unnamed_1”的文件“C:\Program Files (x86)\MSBuild\15.0\.Net\.NetNative\15.0.24211\x86\ilc\IlcInternals.targets”中的目标“InitInputResourceName”(目标“RunILTransforms”依赖于它):"
"Message",Low,"由于 false 条件，已跳过任务“ResolveFilePathTask”；('$(InputPath)' != '' and Exists('$(InputPath)\obj\'))计算为('D:\UWP-master\NavDemo\NavDemo\obj\x86\Release\ilc\in' != '' and Exists('D:\UWP-master\NavDemo\NavDemo\obj\x86\Release\ilc\in\obj\'))。"
"Message",Low,"正在使用程序集“Microsoft.Build.ILTasks”中的“ResolveFilePathTask”任务。"
"Message",Low,"任务“ResolveFilePathTask”"
"Message",Low,"已完成执行任务“ResolveFilePathTask”的操作。"
"Message",Low,"已完成在项目“Unnamed_1”中生成目标“InitInputResourceName”的操作。"
"Message",Low,"已跳过目标“PreResolveTransforms”。以前的生成已成功。"
"Message",Low,"来自项目“D:\UWP-master\NavDemo\NavDemo\Unnamed_1”的文件“C:\Program Files (x86)\MSBuild\15.0\.Net\.NetNative\15.0.24211\x86\ilc\IlcInternals.targets”中的目标“SetForSharedInputs”(目标“ResolveInitialReferences”依赖于它):"
"Message",Low,"正在完全生成目标“SetForSharedInputs”。"
"Message",Low,"未指定输入文件。"
"Message",Low,"由于 false 条件，已跳过任务“IlcErrorTask”；(!Exists('$(InputSharedAssemblyListPath)'))计算为(!Exists('C:\Program Files (x86)\Microsoft SDKs\Windows Kits\10\ExtensionSDKs\Microsoft.NET.Native.Framework.1.3\1.3\x86\ret\SharedAssemblyList.txt'))。"
"Message",Low,"正在使用程序集“Microsoft.Build.Tasks.v4.0, Version=4.0.0.0, Culture=neutral, PublicKeyToken=b03f5f7f11d50a3a”中的“ReadLinesFromFile”任务。"
"Message",Low,"任务“ReadLinesFromFile”"
"Message",Low,"已完成执行任务“ReadLinesFromFile”的操作。"
"Message",Low,"由于 false 条件，已跳过任务“IlcErrorTask”；(!Exists('$(InputSharedAssemblyPath)\%(SharedLibraryContent.Identity)'))计算为(!Exists('C:\Program Files (x86)\Microsoft SDKs\Windows Kits\10\ExtensionSDKs\Microsoft.NET.Native.Framework.1.3\1.3\x86\ret\SharedAssemblyILMergeInfo.csv'))。"
"Message",Low,"由于 false 条件，已跳过任务“IlcErrorTask”；(!Exists('$(InputSharedAssemblyPath)\%(SharedLibraryContent.Identity)'))计算为(!Exists('C:\Program Files (x86)\Microsoft SDKs\Windows Kits\10\ExtensionSDKs\Microsoft.NET.Native.Framework.1.3\1.3\x86\ret\SharedLibrary.iltransformtoc.ildll'))。"
"Message",Low,"由于 false 条件，已跳过任务“IlcErrorTask”；(!Exists('$(InputSharedAssemblyPath)\%(SharedLibraryContent.Identity)'))计算为(!Exists('C:\Program Files (x86)\Microsoft SDKs\Windows Kits\10\ExtensionSDKs\Microsoft.NET.Native.Framework.1.3\1.3\x86\ret\AnalysisILToc\System.Collections.iltoc'))。"
"Message",Low,"由于 false 条件，已跳过任务“IlcErrorTask”；(!Exists('$(InputSharedAssemblyPath)\%(SharedLibraryContent.Identity)'))计算为(!Exists('C:\Program Files (x86)\Microsoft SDKs\Windows Kits\10\ExtensionSDKs\Microsoft.NET.Native.Framework.1.3\1.3\x86\ret\AnalysisILToc\System.Collections.Concurrent.iltoc'))。"
"Message",Low,"由于 false 条件，已跳过任务“IlcErrorTask”；(!Exists('$(InputSharedAssemblyPath)\%(SharedLibraryContent.Identity)'))计算为(!Exists('C:\Program Files (x86)\Microsoft SDKs\Windows Kits\10\ExtensionSDKs\Microsoft.NET.Native.Framework.1.3\1.3\x86\ret\AnalysisILToc\System.Diagnostics.Tracing.iltoc'))。"
"Message",Low,"由于 false 条件，已跳过任务“IlcErrorTask”；(!Exists('$(InputSharedAssemblyPath)\%(SharedLibraryContent.Identity)'))计算为(!Exists('C:\Program Files (x86)\Microsoft SDKs\Windows Kits\10\ExtensionSDKs\Microsoft.NET.Native.Framework.1.3\1.3\x86\ret\AnalysisILToc\System.Dynamic.Runtime.iltoc'))。"
"Message",Low,"由于 false 条件，已跳过任务“IlcErrorTask”；(!Exists('$(InputSharedAssemblyPath)\%(SharedLibraryContent.Identity)'))计算为(!Exists('C:\Program Files (x86)\Microsoft SDKs\Windows Kits\10\ExtensionSDKs\Microsoft.NET.Native.Framework.1.3\1.3\x86\ret\AnalysisILToc\System.IO.iltoc'))。"
"Message",Low,"由于 false 条件，已跳过任务“IlcErrorTask”；(!Exists('$(InputSharedAssemblyPath)\%(SharedLibraryContent.Identity)'))计算为(!Exists('C:\Program Files (x86)\Microsoft SDKs\Windows Kits\10\ExtensionSDKs\Microsoft.NET.Native.Framework.1.3\1.3\x86\ret\AnalysisILToc\System.Linq.iltoc'))。"
"Message",Low,"由于 false 条件，已跳过任务“IlcErrorTask”；(!Exists('$(InputSharedAssemblyPath)\%(SharedLibraryContent.Identity)'))计算为(!Exists('C:\Program Files (x86)\Microsoft SDKs\Windows Kits\10\ExtensionSDKs\Microsoft.NET.Native.Framework.1.3\1.3\x86\ret\AnalysisILToc\System.Linq.Expressions.iltoc'))。"
"Message",Low,"由于 false 条件，已跳过任务“IlcErrorTask”；(!Exists('$(InputSharedAssemblyPath)\%(SharedLibraryContent.Identity)'))计算为(!Exists('C:\Program Files (x86)\Microsoft SDKs\Windows Kits\10\ExtensionSDKs\Microsoft.NET.Native.Framework.1.3\1.3\x86\ret\AnalysisILToc\System.ObjectModel.iltoc'))。"
"Message",Low,"由于 false 条件，已跳过任务“IlcErrorTask”；(!Exists('$(InputSharedAssemblyPath)\%(SharedLibraryContent.Identity)'))计算为(!Exists('C:\Program Files (x86)\Microsoft SDKs\Windows Kits\10\ExtensionSDKs\Microsoft.NET.Native.Framework.1.3\1.3\x86\ret\AnalysisILToc\System.Private.CoreLib.iltoc'))。"
"Message",Low,"由于 false 条件，已跳过任务“IlcErrorTask”；(!Exists('$(InputSharedAssemblyPath)\%(SharedLibraryContent.Identity)'))计算为(!Exists('C:\Program Files (x86)\Microsoft SDKs\Windows Kits\10\ExtensionSDKs\Microsoft.NET.Native.Framework.1.3\1.3\x86\ret\AnalysisILToc\System.Private.Interop.iltoc'))。"
"Message",Low,"由于 false 条件，已跳过任务“IlcErrorTask”；(!Exists('$(InputSharedAssemblyPath)\%(SharedLibraryContent.Identity)'))计算为(!Exists('C:\Program Files (x86)\Microsoft SDKs\Windows Kits\10\ExtensionSDKs\Microsoft.NET.Native.Framework.1.3\1.3\x86\ret\AnalysisILToc\System.Private.Reflection.iltoc'))。"
"Message",Low,"由于 false 条件，已跳过任务“IlcErrorTask”；(!Exists('$(InputSharedAssemblyPath)\%(SharedLibraryContent.Identity)'))计算为(!Exists('C:\Program Files (x86)\Microsoft SDKs\Windows Kits\10\ExtensionSDKs\Microsoft.NET.Native.Framework.1.3\1.3\x86\ret\AnalysisILToc\System.Private.Reflection.Core.iltoc'))。"
"Message",Low,"由于 false 条件，已跳过任务“IlcErrorTask”；(!Exists('$(InputSharedAssemblyPath)\%(SharedLibraryContent.Identity)'))计算为(!Exists('C:\Program Files (x86)\Microsoft SDKs\Windows Kits\10\ExtensionSDKs\Microsoft.NET.Native.Framework.1.3\1.3\x86\ret\AnalysisILToc\System.Private.Reflection.Execution.iltoc'))。"
"Message",Low,"由于 false 条件，已跳过任务“IlcErrorTask”；(!Exists('$(InputSharedAssemblyPath)\%(SharedLibraryContent.Identity)'))计算为(!Exists('C:\Program Files (x86)\Microsoft SDKs\Windows Kits\10\ExtensionSDKs\Microsoft.NET.Native.Framework.1.3\1.3\x86\ret\AnalysisILToc\System.Private.Reflection.Metadata.iltoc'))。"
"Message",Low,"由于 false 条件，已跳过任务“IlcErrorTask”；(!Exists('$(InputSharedAssemblyPath)\%(SharedLibraryContent.Identity)'))计算为(!Exists('C:\Program Files (x86)\Microsoft SDKs\Windows Kits\10\ExtensionSDKs\Microsoft.NET.Native.Framework.1.3\1.3\x86\ret\AnalysisILToc\System.Private.Threading.iltoc'))。"
"Message",Low,"由于 false 条件，已跳过任务“IlcErrorTask”；(!Exists('$(InputSharedAssemblyPath)\%(SharedLibraryContent.Identity)'))计算为(!Exists('C:\Program Files (x86)\Microsoft SDKs\Windows Kits\10\ExtensionSDKs\Microsoft.NET.Native.Framework.1.3\1.3\x86\ret\AnalysisILToc\System.Private.TypeLoader.iltoc'))。"
"Message",Low,"由于 false 条件，已跳过任务“IlcErrorTask”；(!Exists('$(InputSharedAssemblyPath)\%(SharedLibraryContent.Identity)'))计算为(!Exists('C:\Program Files (x86)\Microsoft SDKs\Windows Kits\10\ExtensionSDKs\Microsoft.NET.Native.Framework.1.3\1.3\x86\ret\AnalysisILToc\System.Private.Uri.iltoc'))。"
"Message",Low,"由于 false 条件，已跳过任务“IlcErrorTask”；(!Exists('$(InputSharedAssemblyPath)\%(SharedLibraryContent.Identity)'))计算为(!Exists('C:\Program Files (x86)\Microsoft SDKs\Windows Kits\10\ExtensionSDKs\Microsoft.NET.Native.Framework.1.3\1.3\x86\ret\AnalysisILToc\System.Reflection.Extensions.iltoc'))。"
"Message",Low,"由于 false 条件，已跳过任务“IlcErrorTask”；(!Exists('$(InputSharedAssemblyPath)\%(SharedLibraryContent.Identity)'))计算为(!Exists('C:\Program Files (x86)\Microsoft SDKs\Windows Kits\10\ExtensionSDKs\Microsoft.NET.Native.Framework.1.3\1.3\x86\ret\AnalysisILToc\System.Reflection.Primitives.iltoc'))。"
"Message",Low,"由于 false 条件，已跳过任务“IlcErrorTask”；(!Exists('$(InputSharedAssemblyPath)\%(SharedLibraryContent.Identity)'))计算为(!Exists('C:\Program Files (x86)\Microsoft SDKs\Windows Kits\10\ExtensionSDKs\Microsoft.NET.Native.Framework.1.3\1.3\x86\ret\AnalysisILToc\System.Reflection.TypeExtensions.iltoc'))。"
"Message",Low,"由于 false 条件，已跳过任务“IlcErrorTask”；(!Exists('$(InputSharedAssemblyPath)\%(SharedLibraryContent.Identity)'))计算为(!Exists('C:\Program Files (x86)\Microsoft SDKs\Windows Kits\10\ExtensionSDKs\Microsoft.NET.Native.Framework.1.3\1.3\x86\ret\AnalysisILToc\System.Resources.ResourceManager.iltoc'))。"
"Message",Low,"由于 false 条件，已跳过任务“IlcErrorTask”；(!Exists('$(InputSharedAssemblyPath)\%(SharedLibraryContent.Identity)'))计算为(!Exists('C:\Program Files (x86)\Microsoft SDKs\Windows Kits\10\ExtensionSDKs\Microsoft.NET.Native.Framework.1.3\1.3\x86\ret\AnalysisILToc\System.Runtime.Extensions.iltoc'))。"
"Message",Low,"由于 false 条件，已跳过任务“IlcErrorTask”；(!Exists('$(InputSharedAssemblyPath)\%(SharedLibraryContent.Identity)'))计算为(!Exists('C:\Program Files (x86)\Microsoft SDKs\Windows Kits\10\ExtensionSDKs\Microsoft.NET.Native.Framework.1.3\1.3\x86\ret\AnalysisILToc\System.Runtime.Implementation.iltoc'))。"
"Message",Low,"由于 false 条件，已跳过任务“IlcErrorTask”；(!Exists('$(InputSharedAssemblyPath)\%(SharedLibraryContent.Identity)'))计算为(!Exists('C:\Program Files (x86)\Microsoft SDKs\Windows Kits\10\ExtensionSDKs\Microsoft.NET.Native.Framework.1.3\1.3\x86\ret\AnalysisILToc\System.Text.RegularExpressions.iltoc'))。"
"Message",Low,"由于 false 条件，已跳过任务“IlcErrorTask”；(!Exists('$(InputSharedAssemblyPath)\%(SharedLibraryContent.Identity)'))计算为(!Exists('C:\Program Files (x86)\Microsoft SDKs\Windows Kits\10\ExtensionSDKs\Microsoft.NET.Native.Framework.1.3\1.3\x86\ret\AnalysisILToc\System.Private.SharedLibrary.Interop.Generated.iltoc'))。"
"Message",Low,"由于 false 条件，已跳过任务“IlcErrorTask”；(!Exists('$(InputSharedAssemblyPath)\%(SharedLibraryContent.Identity)'))计算为(!Exists('C:\Program Files (x86)\Microsoft SDKs\Windows Kits\10\ExtensionSDKs\Microsoft.NET.Native.Framework.1.3\1.3\x86\ret\AnalysisILToc\System.Collections.iltocpdb'))。"
"Message",Low,"由于 false 条件，已跳过任务“IlcErrorTask”；(!Exists('$(InputSharedAssemblyPath)\%(SharedLibraryContent.Identity)'))计算为(!Exists('C:\Program Files (x86)\Microsoft SDKs\Windows Kits\10\ExtensionSDKs\Microsoft.NET.Native.Framework.1.3\1.3\x86\ret\AnalysisILToc\System.Collections.Concurrent.iltocpdb'))。"
"Message",Low,"由于 false 条件，已跳过任务“IlcErrorTask”；(!Exists('$(InputSharedAssemblyPath)\%(SharedLibraryContent.Identity)'))计算为(!Exists('C:\Program Files (x86)\Microsoft SDKs\Windows Kits\10\ExtensionSDKs\Microsoft.NET.Native.Framework.1.3\1.3\x86\ret\AnalysisILToc\System.Diagnostics.Tracing.iltocpdb'))。"
"Message",Low,"由于 false 条件，已跳过任务“IlcErrorTask”；(!Exists('$(InputSharedAssemblyPath)\%(SharedLibraryContent.Identity)'))计算为(!Exists('C:\Program Files (x86)\Microsoft SDKs\Windows Kits\10\ExtensionSDKs\Microsoft.NET.Native.Framework.1.3\1.3\x86\ret\AnalysisILToc\System.Dynamic.Runtime.iltocpdb'))。"
"Message",Low,"由于 false 条件，已跳过任务“IlcErrorTask”；(!Exists('$(InputSharedAssemblyPath)\%(SharedLibraryContent.Identity)'))计算为(!Exists('C:\Program Files (x86)\Microsoft SDKs\Windows Kits\10\ExtensionSDKs\Microsoft.NET.Native.Framework.1.3\1.3\x86\ret\AnalysisILToc\System.IO.iltocpdb'))。"
"Message",Low,"由于 false 条件，已跳过任务“IlcErrorTask”；(!Exists('$(InputSharedAssemblyPath)\%(SharedLibraryContent.Identity)'))计算为(!Exists('C:\Program Files (x86)\Microsoft SDKs\Windows Kits\10\ExtensionSDKs\Microsoft.NET.Native.Framework.1.3\1.3\x86\ret\AnalysisILToc\System.Linq.iltocpdb'))。"
"Message",Low,"由于 false 条件，已跳过任务“IlcErrorTask”；(!Exists('$(InputSharedAssemblyPath)\%(SharedLibraryContent.Identity)'))计算为(!Exists('C:\Program Files (x86)\Microsoft SDKs\Windows Kits\10\ExtensionSDKs\Microsoft.NET.Native.Framework.1.3\1.3\x86\ret\AnalysisILToc\System.Linq.Expressions.iltocpdb'))。"
"Message",Low,"由于 false 条件，已跳过任务“IlcErrorTask”；(!Exists('$(InputSharedAssemblyPath)\%(SharedLibraryContent.Identity)'))计算为(!Exists('C:\Program Files (x86)\Microsoft SDKs\Windows Kits\10\ExtensionSDKs\Microsoft.NET.Native.Framework.1.3\1.3\x86\ret\AnalysisILToc\System.ObjectModel.iltocpdb'))。"
"Message",Low,"由于 false 条件，已跳过任务“IlcErrorTask”；(!Exists('$(InputSharedAssemblyPath)\%(SharedLibraryContent.Identity)'))计算为(!Exists('C:\Program Files (x86)\Microsoft SDKs\Windows Kits\10\ExtensionSDKs\Microsoft.NET.Native.Framework.1.3\1.3\x86\ret\AnalysisILToc\System.Private.CoreLib.iltocpdb'))。"
"Message",Low,"由于 false 条件，已跳过任务“IlcErrorTask”；(!Exists('$(InputSharedAssemblyPath)\%(SharedLibraryContent.Identity)'))计算为(!Exists('C:\Program Files (x86)\Microsoft SDKs\Windows Kits\10\ExtensionSDKs\Microsoft.NET.Native.Framework.1.3\1.3\x86\ret\AnalysisILToc\System.Private.Interop.iltocpdb'))。"
"Message",Low,"由于 false 条件，已跳过任务“IlcErrorTask”；(!Exists('$(InputSharedAssemblyPath)\%(SharedLibraryContent.Identity)'))计算为(!Exists('C:\Program Files (x86)\Microsoft SDKs\Windows Kits\10\ExtensionSDKs\Microsoft.NET.Native.Framework.1.3\1.3\x86\ret\AnalysisILToc\System.Private.Reflection.iltocpdb'))。"
"Message",Low,"由于 false 条件，已跳过任务“IlcErrorTask”；(!Exists('$(InputSharedAssemblyPath)\%(SharedLibraryContent.Identity)'))计算为(!Exists('C:\Program Files (x86)\Microsoft SDKs\Windows Kits\10\ExtensionSDKs\Microsoft.NET.Native.Framework.1.3\1.3\x86\ret\AnalysisILToc\System.Private.Reflection.Core.iltocpdb'))。"
"Message",Low,"由于 false 条件，已跳过任务“IlcErrorTask”；(!Exists('$(InputSharedAssemblyPath)\%(SharedLibraryContent.Identity)'))计算为(!Exists('C:\Program Files (x86)\Microsoft SDKs\Windows Kits\10\ExtensionSDKs\Microsoft.NET.Native.Framework.1.3\1.3\x86\ret\AnalysisILToc\System.Private.Reflection.Execution.iltocpdb'))。"
"Message",Low,"由于 false 条件，已跳过任务“IlcErrorTask”；(!Exists('$(InputSharedAssemblyPath)\%(SharedLibraryContent.Identity)'))计算为(!Exists('C:\Program Files (x86)\Microsoft SDKs\Windows Kits\10\ExtensionSDKs\Microsoft.NET.Native.Framework.1.3\1.3\x86\ret\AnalysisILToc\System.Private.Reflection.Metadata.iltocpdb'))。"
"Message",Low,"由于 false 条件，已跳过任务“IlcErrorTask”；(!Exists('$(InputSharedAssemblyPath)\%(SharedLibraryContent.Identity)'))计算为(!Exists('C:\Program Files (x86)\Microsoft SDKs\Windows Kits\10\ExtensionSDKs\Microsoft.NET.Native.Framework.1.3\1.3\x86\ret\AnalysisILToc\System.Private.Threading.iltocpdb'))。"
"Message",Low,"由于 false 条件，已跳过任务“IlcErrorTask”；(!Exists('$(InputSharedAssemblyPath)\%(SharedLibraryContent.Identity)'))计算为(!Exists('C:\Program Files (x86)\Microsoft SDKs\Windows Kits\10\ExtensionSDKs\Microsoft.NET.Native.Framework.1.3\1.3\x86\ret\AnalysisILToc\System.Private.TypeLoader.iltocpdb'))。"
"Message",Low,"由于 false 条件，已跳过任务“IlcErrorTask”；(!Exists('$(InputSharedAssemblyPath)\%(SharedLibraryContent.Identity)'))计算为(!Exists('C:\Program Files (x86)\Microsoft SDKs\Windows Kits\10\ExtensionSDKs\Microsoft.NET.Native.Framework.1.3\1.3\x86\ret\AnalysisILToc\System.Private.Uri.iltocpdb'))。"
"Message",Low,"由于 false 条件，已跳过任务“IlcErrorTask”；(!Exists('$(InputSharedAssemblyPath)\%(SharedLibraryContent.Identity)'))计算为(!Exists('C:\Program Files (x86)\Microsoft SDKs\Windows Kits\10\ExtensionSDKs\Microsoft.NET.Native.Framework.1.3\1.3\x86\ret\AnalysisILToc\System.Reflection.Extensions.iltocpdb'))。"
"Message",Low,"由于 false 条件，已跳过任务“IlcErrorTask”；(!Exists('$(InputSharedAssemblyPath)\%(SharedLibraryContent.Identity)'))计算为(!Exists('C:\Program Files (x86)\Microsoft SDKs\Windows Kits\10\ExtensionSDKs\Microsoft.NET.Native.Framework.1.3\1.3\x86\ret\AnalysisILToc\System.Reflection.Primitives.iltocpdb'))。"
"Message",Low,"由于 false 条件，已跳过任务“IlcErrorTask”；(!Exists('$(InputSharedAssemblyPath)\%(SharedLibraryContent.Identity)'))计算为(!Exists('C:\Program Files (x86)\Microsoft SDKs\Windows Kits\10\ExtensionSDKs\Microsoft.NET.Native.Framework.1.3\1.3\x86\ret\AnalysisILToc\System.Reflection.TypeExtensions.iltocpdb'))。"
"Message",Low,"由于 false 条件，已跳过任务“IlcErrorTask”；(!Exists('$(InputSharedAssemblyPath)\%(SharedLibraryContent.Identity)'))计算为(!Exists('C:\Program Files (x86)\Microsoft SDKs\Windows Kits\10\ExtensionSDKs\Microsoft.NET.Native.Framework.1.3\1.3\x86\ret\AnalysisILToc\System.Resources.ResourceManager.iltocpdb'))。"
"Message",Low,"由于 false 条件，已跳过任务“IlcErrorTask”；(!Exists('$(InputSharedAssemblyPath)\%(SharedLibraryContent.Identity)'))计算为(!Exists('C:\Program Files (x86)\Microsoft SDKs\Windows Kits\10\ExtensionSDKs\Microsoft.NET.Native.Framework.1.3\1.3\x86\ret\AnalysisILToc\System.Runtime.Extensions.iltocpdb'))。"
"Message",Low,"由于 false 条件，已跳过任务“IlcErrorTask”；(!Exists('$(InputSharedAssemblyPath)\%(SharedLibraryContent.Identity)'))计算为(!Exists('C:\Program Files (x86)\Microsoft SDKs\Windows Kits\10\ExtensionSDKs\Microsoft.NET.Native.Framework.1.3\1.3\x86\ret\AnalysisILToc\System.Runtime.Implementation.iltocpdb'))。"
"Message",Low,"由于 false 条件，已跳过任务“IlcErrorTask”；(!Exists('$(InputSharedAssemblyPath)\%(SharedLibraryContent.Identity)'))计算为(!Exists('C:\Program Files (x86)\Microsoft SDKs\Windows Kits\10\ExtensionSDKs\Microsoft.NET.Native.Framework.1.3\1.3\x86\ret\AnalysisILToc\System.Text.RegularExpressions.iltocpdb'))。"
"Message",Low,"由于 false 条件，已跳过任务“IlcErrorTask”；(!Exists('$(InputSharedAssemblyPath)\%(SharedLibraryContent.Identity)'))计算为(!Exists('C:\Program Files (x86)\Microsoft SDKs\Windows Kits\10\ExtensionSDKs\Microsoft.NET.Native.Framework.1.3\1.3\x86\ret\AnalysisILToc\System.Private.SharedLibrary.Interop.Generated.iltocpdb'))。"
"Message",Low,"由于 false 条件，已跳过任务“IlcErrorTask”；(!Exists('$(InputSharedAssemblyPath)\%(SharedLibraryContent.Identity)'))计算为(!Exists('C:\Program Files (x86)\Microsoft SDKs\Windows Kits\10\ExtensionSDKs\Microsoft.NET.Native.Framework.1.3\1.3\x86\ret\ILToc\System.Collections.iltoc'))。"
"Message",Low,"由于 false 条件，已跳过任务“IlcErrorTask”；(!Exists('$(InputSharedAssemblyPath)\%(SharedLibraryContent.Identity)'))计算为(!Exists('C:\Program Files (x86)\Microsoft SDKs\Windows Kits\10\ExtensionSDKs\Microsoft.NET.Native.Framework.1.3\1.3\x86\ret\ILToc\System.Collections.Concurrent.iltoc'))。"
"Message",Low,"由于 false 条件，已跳过任务“IlcErrorTask”；(!Exists('$(InputSharedAssemblyPath)\%(SharedLibraryContent.Identity)'))计算为(!Exists('C:\Program Files (x86)\Microsoft SDKs\Windows Kits\10\ExtensionSDKs\Microsoft.NET.Native.Framework.1.3\1.3\x86\ret\ILToc\System.Diagnostics.Tracing.iltoc'))。"
"Message",Low,"由于 false 条件，已跳过任务“IlcErrorTask”；(!Exists('$(InputSharedAssemblyPath)\%(SharedLibraryContent.Identity)'))计算为(!Exists('C:\Program Files (x86)\Microsoft SDKs\Windows Kits\10\ExtensionSDKs\Microsoft.NET.Native.Framework.1.3\1.3\x86\ret\ILToc\System.Dynamic.Runtime.iltoc'))。"
"Message",Low,"由于 false 条件，已跳过任务“IlcErrorTask”；(!Exists('$(InputSharedAssemblyPath)\%(SharedLibraryContent.Identity)'))计算为(!Exists('C:\Program Files (x86)\Microsoft SDKs\Windows Kits\10\ExtensionSDKs\Microsoft.NET.Native.Framework.1.3\1.3\x86\ret\ILToc\System.IO.iltoc'))。"
"Message",Low,"由于 false 条件，已跳过任务“IlcErrorTask”；(!Exists('$(InputSharedAssemblyPath)\%(SharedLibraryContent.Identity)'))计算为(!Exists('C:\Program Files (x86)\Microsoft SDKs\Windows Kits\10\ExtensionSDKs\Microsoft.NET.Native.Framework.1.3\1.3\x86\ret\ILToc\System.Linq.iltoc'))。"
"Message",Low,"由于 false 条件，已跳过任务“IlcErrorTask”；(!Exists('$(InputSharedAssemblyPath)\%(SharedLibraryContent.Identity)'))计算为(!Exists('C:\Program Files (x86)\Microsoft SDKs\Windows Kits\10\ExtensionSDKs\Microsoft.NET.Native.Framework.1.3\1.3\x86\ret\ILToc\System.Linq.Expressions.iltoc'))。"
"Message",Low,"由于 false 条件，已跳过任务“IlcErrorTask”；(!Exists('$(InputSharedAssemblyPath)\%(SharedLibraryContent.Identity)'))计算为(!Exists('C:\Program Files (x86)\Microsoft SDKs\Windows Kits\10\ExtensionSDKs\Microsoft.NET.Native.Framework.1.3\1.3\x86\ret\ILToc\System.ObjectModel.iltoc'))。"
"Message",Low,"由于 false 条件，已跳过任务“IlcErrorTask”；(!Exists('$(InputSharedAssemblyPath)\%(SharedLibraryContent.Identity)'))计算为(!Exists('C:\Program Files (x86)\Microsoft SDKs\Windows Kits\10\ExtensionSDKs\Microsoft.NET.Native.Framework.1.3\1.3\x86\ret\ILToc\System.Private.CoreLib.iltoc'))。"
"Message",Low,"由于 false 条件，已跳过任务“IlcErrorTask”；(!Exists('$(InputSharedAssemblyPath)\%(SharedLibraryContent.Identity)'))计算为(!Exists('C:\Program Files (x86)\Microsoft SDKs\Windows Kits\10\ExtensionSDKs\Microsoft.NET.Native.Framework.1.3\1.3\x86\ret\ILToc\System.Private.Interop.iltoc'))。"
"Message",Low,"由于 false 条件，已跳过任务“IlcErrorTask”；(!Exists('$(InputSharedAssemblyPath)\%(SharedLibraryContent.Identity)'))计算为(!Exists('C:\Program Files (x86)\Microsoft SDKs\Windows Kits\10\ExtensionSDKs\Microsoft.NET.Native.Framework.1.3\1.3\x86\ret\ILToc\System.Private.Reflection.iltoc'))。"
"Message",Low,"由于 false 条件，已跳过任务“IlcErrorTask”；(!Exists('$(InputSharedAssemblyPath)\%(SharedLibraryContent.Identity)'))计算为(!Exists('C:\Program Files (x86)\Microsoft SDKs\Windows Kits\10\ExtensionSDKs\Microsoft.NET.Native.Framework.1.3\1.3\x86\ret\ILToc\System.Private.Reflection.Core.iltoc'))。"
"Message",Low,"由于 false 条件，已跳过任务“IlcErrorTask”；(!Exists('$(InputSharedAssemblyPath)\%(SharedLibraryContent.Identity)'))计算为(!Exists('C:\Program Files (x86)\Microsoft SDKs\Windows Kits\10\ExtensionSDKs\Microsoft.NET.Native.Framework.1.3\1.3\x86\ret\ILToc\System.Private.Reflection.Execution.iltoc'))。"
"Message",Low,"由于 false 条件，已跳过任务“IlcErrorTask”；(!Exists('$(InputSharedAssemblyPath)\%(SharedLibraryContent.Identity)'))计算为(!Exists('C:\Program Files (x86)\Microsoft SDKs\Windows Kits\10\ExtensionSDKs\Microsoft.NET.Native.Framework.1.3\1.3\x86\ret\ILToc\System.Private.Reflection.Metadata.iltoc'))。"
"Message",Low,"由于 false 条件，已跳过任务“IlcErrorTask”；(!Exists('$(InputSharedAssemblyPath)\%(SharedLibraryContent.Identity)'))计算为(!Exists('C:\Program Files (x86)\Microsoft SDKs\Windows Kits\10\ExtensionSDKs\Microsoft.NET.Native.Framework.1.3\1.3\x86\ret\ILToc\System.Private.Threading.iltoc'))。"
"Message",Low,"由于 false 条件，已跳过任务“IlcErrorTask”；(!Exists('$(InputSharedAssemblyPath)\%(SharedLibraryContent.Identity)'))计算为(!Exists('C:\Program Files (x86)\Microsoft SDKs\Windows Kits\10\ExtensionSDKs\Microsoft.NET.Native.Framework.1.3\1.3\x86\ret\ILToc\System.Private.TypeLoader.iltoc'))。"
"Message",Low,"由于 false 条件，已跳过任务“IlcErrorTask”；(!Exists('$(InputSharedAssemblyPath)\%(SharedLibraryContent.Identity)'))计算为(!Exists('C:\Program Files (x86)\Microsoft SDKs\Windows Kits\10\ExtensionSDKs\Microsoft.NET.Native.Framework.1.3\1.3\x86\ret\ILToc\System.Private.Uri.iltoc'))。"
"Message",Low,"由于 false 条件，已跳过任务“IlcErrorTask”；(!Exists('$(InputSharedAssemblyPath)\%(SharedLibraryContent.Identity)'))计算为(!Exists('C:\Program Files (x86)\Microsoft SDKs\Windows Kits\10\ExtensionSDKs\Microsoft.NET.Native.Framework.1.3\1.3\x86\ret\ILToc\System.Reflection.Extensions.iltoc'))。"
"Message",Low,"由于 false 条件，已跳过任务“IlcErrorTask”；(!Exists('$(InputSharedAssemblyPath)\%(SharedLibraryContent.Identity)'))计算为(!Exists('C:\Program Files (x86)\Microsoft SDKs\Windows Kits\10\ExtensionSDKs\Microsoft.NET.Native.Framework.1.3\1.3\x86\ret\ILToc\System.Reflection.Primitives.iltoc'))。"
"Message",Low,"由于 false 条件，已跳过任务“IlcErrorTask”；(!Exists('$(InputSharedAssemblyPath)\%(SharedLibraryContent.Identity)'))计算为(!Exists('C:\Program Files (x86)\Microsoft SDKs\Windows Kits\10\ExtensionSDKs\Microsoft.NET.Native.Framework.1.3\1.3\x86\ret\ILToc\System.Reflection.TypeExtensions.iltoc'))。"
"Message",Low,"由于 false 条件，已跳过任务“IlcErrorTask”；(!Exists('$(InputSharedAssemblyPath)\%(SharedLibraryContent.Identity)'))计算为(!Exists('C:\Program Files (x86)\Microsoft SDKs\Windows Kits\10\ExtensionSDKs\Microsoft.NET.Native.Framework.1.3\1.3\x86\ret\ILToc\System.Resources.ResourceManager.iltoc'))。"
"Message",Low,"由于 false 条件，已跳过任务“IlcErrorTask”；(!Exists('$(InputSharedAssemblyPath)\%(SharedLibraryContent.Identity)'))计算为(!Exists('C:\Program Files (x86)\Microsoft SDKs\Windows Kits\10\ExtensionSDKs\Microsoft.NET.Native.Framework.1.3\1.3\x86\ret\ILToc\System.Runtime.Extensions.iltoc'))。"
"Message",Low,"由于 false 条件，已跳过任务“IlcErrorTask”；(!Exists('$(InputSharedAssemblyPath)\%(SharedLibraryContent.Identity)'))计算为(!Exists('C:\Program Files (x86)\Microsoft SDKs\Windows Kits\10\ExtensionSDKs\Microsoft.NET.Native.Framework.1.3\1.3\x86\ret\ILToc\System.Runtime.Implementation.iltoc'))。"
"Message",Low,"由于 false 条件，已跳过任务“IlcErrorTask”；(!Exists('$(InputSharedAssemblyPath)\%(SharedLibraryContent.Identity)'))计算为(!Exists('C:\Program Files (x86)\Microsoft SDKs\Windows Kits\10\ExtensionSDKs\Microsoft.NET.Native.Framework.1.3\1.3\x86\ret\ILToc\System.Text.RegularExpressions.iltoc'))。"
"Message",Low,"由于 false 条件，已跳过任务“IlcErrorTask”；(!Exists('$(InputSharedAssemblyPath)\%(SharedLibraryContent.Identity)'))计算为(!Exists('C:\Program Files (x86)\Microsoft SDKs\Windows Kits\10\ExtensionSDKs\Microsoft.NET.Native.Framework.1.3\1.3\x86\ret\ILToc\System.Private.SharedLibrary.Interop.Generated.iltoc'))。"
"Message",Low,"由于 false 条件，已跳过任务“IlcErrorTask”；(!Exists('$(InputSharedAssemblyPath)\%(SharedLibraryContent.Identity)'))计算为(!Exists('C:\Program Files (x86)\Microsoft SDKs\Windows Kits\10\ExtensionSDKs\Microsoft.NET.Native.Framework.1.3\1.3\x86\ret\ILToc\System.Collections.iltocpdb'))。"
"Message",Low,"由于 false 条件，已跳过任务“IlcErrorTask”；(!Exists('$(InputSharedAssemblyPath)\%(SharedLibraryContent.Identity)'))计算为(!Exists('C:\Program Files (x86)\Microsoft SDKs\Windows Kits\10\ExtensionSDKs\Microsoft.NET.Native.Framework.1.3\1.3\x86\ret\ILToc\System.Collections.Concurrent.iltocpdb'))。"
"Message",Low,"由于 false 条件，已跳过任务“IlcErrorTask”；(!Exists('$(InputSharedAssemblyPath)\%(SharedLibraryContent.Identity)'))计算为(!Exists('C:\Program Files (x86)\Microsoft SDKs\Windows Kits\10\ExtensionSDKs\Microsoft.NET.Native.Framework.1.3\1.3\x86\ret\ILToc\System.Diagnostics.Tracing.iltocpdb'))。"
"Message",Low,"由于 false 条件，已跳过任务“IlcErrorTask”；(!Exists('$(InputSharedAssemblyPath)\%(SharedLibraryContent.Identity)'))计算为(!Exists('C:\Program Files (x86)\Microsoft SDKs\Windows Kits\10\ExtensionSDKs\Microsoft.NET.Native.Framework.1.3\1.3\x86\ret\ILToc\System.Dynamic.Runtime.iltocpdb'))。"
"Message",Low,"由于 false 条件，已跳过任务“IlcErrorTask”；(!Exists('$(InputSharedAssemblyPath)\%(SharedLibraryContent.Identity)'))计算为(!Exists('C:\Program Files (x86)\Microsoft SDKs\Windows Kits\10\ExtensionSDKs\Microsoft.NET.Native.Framework.1.3\1.3\x86\ret\ILToc\System.IO.iltocpdb'))。"
"Message",Low,"由于 false 条件，已跳过任务“IlcErrorTask”；(!Exists('$(InputSharedAssemblyPath)\%(SharedLibraryContent.Identity)'))计算为(!Exists('C:\Program Files (x86)\Microsoft SDKs\Windows Kits\10\ExtensionSDKs\Microsoft.NET.Native.Framework.1.3\1.3\x86\ret\ILToc\System.Linq.iltocpdb'))。"
"Message",Low,"由于 false 条件，已跳过任务“IlcErrorTask”；(!Exists('$(InputSharedAssemblyPath)\%(SharedLibraryContent.Identity)'))计算为(!Exists('C:\Program Files (x86)\Microsoft SDKs\Windows Kits\10\ExtensionSDKs\Microsoft.NET.Native.Framework.1.3\1.3\x86\ret\ILToc\System.Linq.Expressions.iltocpdb'))。"
"Message",Low,"由于 false 条件，已跳过任务“IlcErrorTask”；(!Exists('$(InputSharedAssemblyPath)\%(SharedLibraryContent.Identity)'))计算为(!Exists('C:\Program Files (x86)\Microsoft SDKs\Windows Kits\10\ExtensionSDKs\Microsoft.NET.Native.Framework.1.3\1.3\x86\ret\ILToc\System.ObjectModel.iltocpdb'))。"
"Message",Low,"由于 false 条件，已跳过任务“IlcErrorTask”；(!Exists('$(InputSharedAssemblyPath)\%(SharedLibraryContent.Identity)'))计算为(!Exists('C:\Program Files (x86)\Microsoft SDKs\Windows Kits\10\ExtensionSDKs\Microsoft.NET.Native.Framework.1.3\1.3\x86\ret\ILToc\System.Private.CoreLib.iltocpdb'))。"
"Message",Low,"由于 false 条件，已跳过任务“IlcErrorTask”；(!Exists('$(InputSharedAssemblyPath)\%(SharedLibraryContent.Identity)'))计算为(!Exists('C:\Program Files (x86)\Microsoft SDKs\Windows Kits\10\ExtensionSDKs\Microsoft.NET.Native.Framework.1.3\1.3\x86\ret\ILToc\System.Private.Interop.iltocpdb'))。"
"Message",Low,"由于 false 条件，已跳过任务“IlcErrorTask”；(!Exists('$(InputSharedAssemblyPath)\%(SharedLibraryContent.Identity)'))计算为(!Exists('C:\Program Files (x86)\Microsoft SDKs\Windows Kits\10\ExtensionSDKs\Microsoft.NET.Native.Framework.1.3\1.3\x86\ret\ILToc\System.Private.Reflection.iltocpdb'))。"
"Message",Low,"由于 false 条件，已跳过任务“IlcErrorTask”；(!Exists('$(InputSharedAssemblyPath)\%(SharedLibraryContent.Identity)'))计算为(!Exists('C:\Program Files (x86)\Microsoft SDKs\Windows Kits\10\ExtensionSDKs\Microsoft.NET.Native.Framework.1.3\1.3\x86\ret\ILToc\System.Private.Reflection.Core.iltocpdb'))。"
"Message",Low,"由于 false 条件，已跳过任务“IlcErrorTask”；(!Exists('$(InputSharedAssemblyPath)\%(SharedLibraryContent.Identity)'))计算为(!Exists('C:\Program Files (x86)\Microsoft SDKs\Windows Kits\10\ExtensionSDKs\Microsoft.NET.Native.Framework.1.3\1.3\x86\ret\ILToc\System.Private.Reflection.Execution.iltocpdb'))。"
"Message",Low,"由于 false 条件，已跳过任务“IlcErrorTask”；(!Exists('$(InputSharedAssemblyPath)\%(SharedLibraryContent.Identity)'))计算为(!Exists('C:\Program Files (x86)\Microsoft SDKs\Windows Kits\10\ExtensionSDKs\Microsoft.NET.Native.Framework.1.3\1.3\x86\ret\ILToc\System.Private.Reflection.Metadata.iltocpdb'))。"
"Message",Low,"由于 false 条件，已跳过任务“IlcErrorTask”；(!Exists('$(InputSharedAssemblyPath)\%(SharedLibraryContent.Identity)'))计算为(!Exists('C:\Program Files (x86)\Microsoft SDKs\Windows Kits\10\ExtensionSDKs\Microsoft.NET.Native.Framework.1.3\1.3\x86\ret\ILToc\System.Private.Threading.iltocpdb'))。"
"Message",Low,"由于 false 条件，已跳过任务“IlcErrorTask”；(!Exists('$(InputSharedAssemblyPath)\%(SharedLibraryContent.Identity)'))计算为(!Exists('C:\Program Files (x86)\Microsoft SDKs\Windows Kits\10\ExtensionSDKs\Microsoft.NET.Native.Framework.1.3\1.3\x86\ret\ILToc\System.Private.TypeLoader.iltocpdb'))。"
"Message",Low,"由于 false 条件，已跳过任务“IlcErrorTask”；(!Exists('$(InputSharedAssemblyPath)\%(SharedLibraryContent.Identity)'))计算为(!Exists('C:\Program Files (x86)\Microsoft SDKs\Windows Kits\10\ExtensionSDKs\Microsoft.NET.Native.Framework.1.3\1.3\x86\ret\ILToc\System.Private.Uri.iltocpdb'))。"
"Message",Low,"由于 false 条件，已跳过任务“IlcErrorTask”；(!Exists('$(InputSharedAssemblyPath)\%(SharedLibraryContent.Identity)'))计算为(!Exists('C:\Program Files (x86)\Microsoft SDKs\Windows Kits\10\ExtensionSDKs\Microsoft.NET.Native.Framework.1.3\1.3\x86\ret\ILToc\System.Reflection.Extensions.iltocpdb'))。"
"Message",Low,"由于 false 条件，已跳过任务“IlcErrorTask”；(!Exists('$(InputSharedAssemblyPath)\%(SharedLibraryContent.Identity)'))计算为(!Exists('C:\Program Files (x86)\Microsoft SDKs\Windows Kits\10\ExtensionSDKs\Microsoft.NET.Native.Framework.1.3\1.3\x86\ret\ILToc\System.Reflection.Primitives.iltocpdb'))。"
"Message",Low,"由于 false 条件，已跳过任务“IlcErrorTask”；(!Exists('$(InputSharedAssemblyPath)\%(SharedLibraryContent.Identity)'))计算为(!Exists('C:\Program Files (x86)\Microsoft SDKs\Windows Kits\10\ExtensionSDKs\Microsoft.NET.Native.Framework.1.3\1.3\x86\ret\ILToc\System.Reflection.TypeExtensions.iltocpdb'))。"
"Message",Low,"由于 false 条件，已跳过任务“IlcErrorTask”；(!Exists('$(InputSharedAssemblyPath)\%(SharedLibraryContent.Identity)'))计算为(!Exists('C:\Program Files (x86)\Microsoft SDKs\Windows Kits\10\ExtensionSDKs\Microsoft.NET.Native.Framework.1.3\1.3\x86\ret\ILToc\System.Resources.ResourceManager.iltocpdb'))。"
"Message",Low,"由于 false 条件，已跳过任务“IlcErrorTask”；(!Exists('$(InputSharedAssemblyPath)\%(SharedLibraryContent.Identity)'))计算为(!Exists('C:\Program Files (x86)\Microsoft SDKs\Windows Kits\10\ExtensionSDKs\Microsoft.NET.Native.Framework.1.3\1.3\x86\ret\ILToc\System.Runtime.Extensions.iltocpdb'))。"
"Message",Low,"由于 false 条件，已跳过任务“IlcErrorTask”；(!Exists('$(InputSharedAssemblyPath)\%(SharedLibraryContent.Identity)'))计算为(!Exists('C:\Program Files (x86)\Microsoft SDKs\Windows Kits\10\ExtensionSDKs\Microsoft.NET.Native.Framework.1.3\1.3\x86\ret\ILToc\System.Runtime.Implementation.iltocpdb'))。"
"Message",Low,"由于 false 条件，已跳过任务“IlcErrorTask”；(!Exists('$(InputSharedAssemblyPath)\%(SharedLibraryContent.Identity)'))计算为(!Exists('C:\Program Files (x86)\Microsoft SDKs\Windows Kits\10\ExtensionSDKs\Microsoft.NET.Native.Framework.1.3\1.3\x86\ret\ILToc\System.Text.RegularExpressions.iltocpdb'))。"
"Message",Low,"由于 false 条件，已跳过任务“IlcErrorTask”；(!Exists('$(InputSharedAssemblyPath)\%(SharedLibraryContent.Identity)'))计算为(!Exists('C:\Program Files (x86)\Microsoft SDKs\Windows Kits\10\ExtensionSDKs\Microsoft.NET.Native.Framework.1.3\1.3\x86\ret\ILToc\System.Private.SharedLibrary.Interop.Generated.iltocpdb'))。"
"Message",Low,"由于 false 条件，已跳过任务“IlcErrorTask”；(!Exists('$(InputSharedAssemblyPath)\%(SharedLibraryContent.Identity)'))计算为(!Exists('C:\Program Files (x86)\Microsoft SDKs\Windows Kits\10\ExtensionSDKs\Microsoft.NET.Native.Framework.1.3\1.3\x86\ret\ILTransformed\System.Collections.ildll'))。"
"Message",Low,"由于 false 条件，已跳过任务“IlcErrorTask”；(!Exists('$(InputSharedAssemblyPath)\%(SharedLibraryContent.Identity)'))计算为(!Exists('C:\Program Files (x86)\Microsoft SDKs\Windows Kits\10\ExtensionSDKs\Microsoft.NET.Native.Framework.1.3\1.3\x86\ret\ILTransformed\System.Collections.Concurrent.ildll'))。"
"Message",Low,"由于 false 条件，已跳过任务“IlcErrorTask”；(!Exists('$(InputSharedAssemblyPath)\%(SharedLibraryContent.Identity)'))计算为(!Exists('C:\Program Files (x86)\Microsoft SDKs\Windows Kits\10\ExtensionSDKs\Microsoft.NET.Native.Framework.1.3\1.3\x86\ret\ILTransformed\System.Diagnostics.Tracing.ildll'))。"
"Message",Low,"由于 false 条件，已跳过任务“IlcErrorTask”；(!Exists('$(InputSharedAssemblyPath)\%(SharedLibraryContent.Identity)'))计算为(!Exists('C:\Program Files (x86)\Microsoft SDKs\Windows Kits\10\ExtensionSDKs\Microsoft.NET.Native.Framework.1.3\1.3\x86\ret\ILTransformed\System.Dynamic.Runtime.ildll'))。"
"Message",Low,"由于 false 条件，已跳过任务“IlcErrorTask”；(!Exists('$(InputSharedAssemblyPath)\%(SharedLibraryContent.Identity)'))计算为(!Exists('C:\Program Files (x86)\Microsoft SDKs\Windows Kits\10\ExtensionSDKs\Microsoft.NET.Native.Framework.1.3\1.3\x86\ret\ILTransformed\System.IO.ildll'))。"
"Message",Low,"由于 false 条件，已跳过任务“IlcErrorTask”；(!Exists('$(InputSharedAssemblyPath)\%(SharedLibraryContent.Identity)'))计算为(!Exists('C:\Program Files (x86)\Microsoft SDKs\Windows Kits\10\ExtensionSDKs\Microsoft.NET.Native.Framework.1.3\1.3\x86\ret\ILTransformed\System.Linq.ildll'))。"
"Message",Low,"由于 false 条件，已跳过任务“IlcErrorTask”；(!Exists('$(InputSharedAssemblyPath)\%(SharedLibraryContent.Identity)'))计算为(!Exists('C:\Program Files (x86)\Microsoft SDKs\Windows Kits\10\ExtensionSDKs\Microsoft.NET.Native.Framework.1.3\1.3\x86\ret\ILTransformed\System.Linq.Expressions.ildll'))。"
"Message",Low,"由于 false 条件，已跳过任务“IlcErrorTask”；(!Exists('$(InputSharedAssemblyPath)\%(SharedLibraryContent.Identity)'))计算为(!Exists('C:\Program Files (x86)\Microsoft SDKs\Windows Kits\10\ExtensionSDKs\Microsoft.NET.Native.Framework.1.3\1.3\x86\ret\ILTransformed\System.ObjectModel.ildll'))。"
"Message",Low,"由于 false 条件，已跳过任务“IlcErrorTask”；(!Exists('$(InputSharedAssemblyPath)\%(SharedLibraryContent.Identity)'))计算为(!Exists('C:\Program Files (x86)\Microsoft SDKs\Windows Kits\10\ExtensionSDKs\Microsoft.NET.Native.Framework.1.3\1.3\x86\ret\ILTransformed\System.Private.CoreLib.ildll'))。"
"Message",Low,"由于 false 条件，已跳过任务“IlcErrorTask”；(!Exists('$(InputSharedAssemblyPath)\%(SharedLibraryContent.Identity)'))计算为(!Exists('C:\Program Files (x86)\Microsoft SDKs\Windows Kits\10\ExtensionSDKs\Microsoft.NET.Native.Framework.1.3\1.3\x86\ret\ILTransformed\System.Private.Interop.ildll'))。"
"Message",Low,"由于 false 条件，已跳过任务“IlcErrorTask”；(!Exists('$(InputSharedAssemblyPath)\%(SharedLibraryContent.Identity)'))计算为(!Exists('C:\Program Files (x86)\Microsoft SDKs\Windows Kits\10\ExtensionSDKs\Microsoft.NET.Native.Framework.1.3\1.3\x86\ret\ILTransformed\System.Private.Reflection.ildll'))。"
"Message",Low,"由于 false 条件，已跳过任务“IlcErrorTask”；(!Exists('$(InputSharedAssemblyPath)\%(SharedLibraryContent.Identity)'))计算为(!Exists('C:\Program Files (x86)\Microsoft SDKs\Windows Kits\10\ExtensionSDKs\Microsoft.NET.Native.Framework.1.3\1.3\x86\ret\ILTransformed\System.Private.Reflection.Core.ildll'))。"
"Message",Low,"由于 false 条件，已跳过任务“IlcErrorTask”；(!Exists('$(InputSharedAssemblyPath)\%(SharedLibraryContent.Identity)'))计算为(!Exists('C:\Program Files (x86)\Microsoft SDKs\Windows Kits\10\ExtensionSDKs\Microsoft.NET.Native.Framework.1.3\1.3\x86\ret\ILTransformed\System.Private.Reflection.Execution.ildll'))。"
"Message",Low,"由于 false 条件，已跳过任务“IlcErrorTask”；(!Exists('$(InputSharedAssemblyPath)\%(SharedLibraryContent.Identity)'))计算为(!Exists('C:\Program Files (x86)\Microsoft SDKs\Windows Kits\10\ExtensionSDKs\Microsoft.NET.Native.Framework.1.3\1.3\x86\ret\ILTransformed\System.Private.Reflection.Metadata.ildll'))。"
"Message",Low,"由于 false 条件，已跳过任务“IlcErrorTask”；(!Exists('$(InputSharedAssemblyPath)\%(SharedLibraryContent.Identity)'))计算为(!Exists('C:\Program Files (x86)\Microsoft SDKs\Windows Kits\10\ExtensionSDKs\Microsoft.NET.Native.Framework.1.3\1.3\x86\ret\ILTransformed\System.Private.Threading.ildll'))。"
"Message",Low,"由于 false 条件，已跳过任务“IlcErrorTask”；(!Exists('$(InputSharedAssemblyPath)\%(SharedLibraryContent.Identity)'))计算为(!Exists('C:\Program Files (x86)\Microsoft SDKs\Windows Kits\10\ExtensionSDKs\Microsoft.NET.Native.Framework.1.3\1.3\x86\ret\ILTransformed\System.Private.TypeLoader.ildll'))。"
"Message",Low,"由于 false 条件，已跳过任务“IlcErrorTask”；(!Exists('$(InputSharedAssemblyPath)\%(SharedLibraryContent.Identity)'))计算为(!Exists('C:\Program Files (x86)\Microsoft SDKs\Windows Kits\10\ExtensionSDKs\Microsoft.NET.Native.Framework.1.3\1.3\x86\ret\ILTransformed\System.Private.Uri.ildll'))。"
"Message",Low,"由于 false 条件，已跳过任务“IlcErrorTask”；(!Exists('$(InputSharedAssemblyPath)\%(SharedLibraryContent.Identity)'))计算为(!Exists('C:\Program Files (x86)\Microsoft SDKs\Windows Kits\10\ExtensionSDKs\Microsoft.NET.Native.Framework.1.3\1.3\x86\ret\ILTransformed\System.Reflection.Extensions.ildll'))。"
"Message",Low,"由于 false 条件，已跳过任务“IlcErrorTask”；(!Exists('$(InputSharedAssemblyPath)\%(SharedLibraryContent.Identity)'))计算为(!Exists('C:\Program Files (x86)\Microsoft SDKs\Windows Kits\10\ExtensionSDKs\Microsoft.NET.Native.Framework.1.3\1.3\x86\ret\ILTransformed\System.Reflection.Primitives.ildll'))。"
"Message",Low,"由于 false 条件，已跳过任务“IlcErrorTask”；(!Exists('$(InputSharedAssemblyPath)\%(SharedLibraryContent.Identity)'))计算为(!Exists('C:\Program Files (x86)\Microsoft SDKs\Windows Kits\10\ExtensionSDKs\Microsoft.NET.Native.Framework.1.3\1.3\x86\ret\ILTransformed\System.Reflection.TypeExtensions.ildll'))。"
"Message",Low,"由于 false 条件，已跳过任务“IlcErrorTask”；(!Exists('$(InputSharedAssemblyPath)\%(SharedLibraryContent.Identity)'))计算为(!Exists('C:\Program Files (x86)\Microsoft SDKs\Windows Kits\10\ExtensionSDKs\Microsoft.NET.Native.Framework.1.3\1.3\x86\ret\ILTransformed\System.Resources.ResourceManager.ildll'))。"
"Message",Low,"由于 false 条件，已跳过任务“IlcErrorTask”；(!Exists('$(InputSharedAssemblyPath)\%(SharedLibraryContent.Identity)'))计算为(!Exists('C:\Program Files (x86)\Microsoft SDKs\Windows Kits\10\ExtensionSDKs\Microsoft.NET.Native.Framework.1.3\1.3\x86\ret\ILTransformed\System.Runtime.Extensions.ildll'))。"
"Message",Low,"由于 false 条件，已跳过任务“IlcErrorTask”；(!Exists('$(InputSharedAssemblyPath)\%(SharedLibraryContent.Identity)'))计算为(!Exists('C:\Program Files (x86)\Microsoft SDKs\Windows Kits\10\ExtensionSDKs\Microsoft.NET.Native.Framework.1.3\1.3\x86\ret\ILTransformed\System.Runtime.Implementation.ildll'))。"
"Message",Low,"由于 false 条件，已跳过任务“IlcErrorTask”；(!Exists('$(InputSharedAssemblyPath)\%(SharedLibraryContent.Identity)'))计算为(!Exists('C:\Program Files (x86)\Microsoft SDKs\Windows Kits\10\ExtensionSDKs\Microsoft.NET.Native.Framework.1.3\1.3\x86\ret\ILTransformed\System.Text.RegularExpressions.ildll'))。"
"Message",Low,"由于 false 条件，已跳过任务“IlcErrorTask”；(!Exists('$(InputSharedAssemblyPath)\%(SharedLibraryContent.Identity)'))计算为(!Exists('C:\Program Files (x86)\Microsoft SDKs\Windows Kits\10\ExtensionSDKs\Microsoft.NET.Native.Framework.1.3\1.3\x86\ret\ILTransformed\System.Private.SharedLibrary.Interop.Generated.ildll'))。"
"Message",Low,"由于 false 条件，已跳过任务“IlcErrorTask”；(!Exists('$(InputSharedAssemblyPath)\%(SharedLibraryContent.Identity)'))计算为(!Exists('C:\Program Files (x86)\Microsoft SDKs\Windows Kits\10\ExtensionSDKs\Microsoft.NET.Native.Framework.1.3\1.3\x86\ret\ILTransformed\System.Collections.ilpdb'))。"
"Message",Low,"由于 false 条件，已跳过任务“IlcErrorTask”；(!Exists('$(InputSharedAssemblyPath)\%(SharedLibraryContent.Identity)'))计算为(!Exists('C:\Program Files (x86)\Microsoft SDKs\Windows Kits\10\ExtensionSDKs\Microsoft.NET.Native.Framework.1.3\1.3\x86\ret\ILTransformed\System.Collections.Concurrent.ilpdb'))。"
"Message",Low,"由于 false 条件，已跳过任务“IlcErrorTask”；(!Exists('$(InputSharedAssemblyPath)\%(SharedLibraryContent.Identity)'))计算为(!Exists('C:\Program Files (x86)\Microsoft SDKs\Windows Kits\10\ExtensionSDKs\Microsoft.NET.Native.Framework.1.3\1.3\x86\ret\ILTransformed\System.Diagnostics.Tracing.ilpdb'))。"
"Message",Low,"由于 false 条件，已跳过任务“IlcErrorTask”；(!Exists('$(InputSharedAssemblyPath)\%(SharedLibraryContent.Identity)'))计算为(!Exists('C:\Program Files (x86)\Microsoft SDKs\Windows Kits\10\ExtensionSDKs\Microsoft.NET.Native.Framework.1.3\1.3\x86\ret\ILTransformed\System.Dynamic.Runtime.ilpdb'))。"
"Message",Low,"由于 false 条件，已跳过任务“IlcErrorTask”；(!Exists('$(InputSharedAssemblyPath)\%(SharedLibraryContent.Identity)'))计算为(!Exists('C:\Program Files (x86)\Microsoft SDKs\Windows Kits\10\ExtensionSDKs\Microsoft.NET.Native.Framework.1.3\1.3\x86\ret\ILTransformed\System.IO.ilpdb'))。"
"Message",Low,"由于 false 条件，已跳过任务“IlcErrorTask”；(!Exists('$(InputSharedAssemblyPath)\%(SharedLibraryContent.Identity)'))计算为(!Exists('C:\Program Files (x86)\Microsoft SDKs\Windows Kits\10\ExtensionSDKs\Microsoft.NET.Native.Framework.1.3\1.3\x86\ret\ILTransformed\System.Linq.ilpdb'))。"
"Message",Low,"由于 false 条件，已跳过任务“IlcErrorTask”；(!Exists('$(InputSharedAssemblyPath)\%(SharedLibraryContent.Identity)'))计算为(!Exists('C:\Program Files (x86)\Microsoft SDKs\Windows Kits\10\ExtensionSDKs\Microsoft.NET.Native.Framework.1.3\1.3\x86\ret\ILTransformed\System.Linq.Expressions.ilpdb'))。"
"Message",Low,"由于 false 条件，已跳过任务“IlcErrorTask”；(!Exists('$(InputSharedAssemblyPath)\%(SharedLibraryContent.Identity)'))计算为(!Exists('C:\Program Files (x86)\Microsoft SDKs\Windows Kits\10\ExtensionSDKs\Microsoft.NET.Native.Framework.1.3\1.3\x86\ret\ILTransformed\System.ObjectModel.ilpdb'))。"
"Message",Low,"由于 false 条件，已跳过任务“IlcErrorTask”；(!Exists('$(InputSharedAssemblyPath)\%(SharedLibraryContent.Identity)'))计算为(!Exists('C:\Program Files (x86)\Microsoft SDKs\Windows Kits\10\ExtensionSDKs\Microsoft.NET.Native.Framework.1.3\1.3\x86\ret\ILTransformed\System.Private.CoreLib.ilpdb'))。"
"Message",Low,"由于 false 条件，已跳过任务“IlcErrorTask”；(!Exists('$(InputSharedAssemblyPath)\%(SharedLibraryContent.Identity)'))计算为(!Exists('C:\Program Files (x86)\Microsoft SDKs\Windows Kits\10\ExtensionSDKs\Microsoft.NET.Native.Framework.1.3\1.3\x86\ret\ILTransformed\System.Private.Interop.ilpdb'))。"
"Message",Low,"由于 false 条件，已跳过任务“IlcErrorTask”；(!Exists('$(InputSharedAssemblyPath)\%(SharedLibraryContent.Identity)'))计算为(!Exists('C:\Program Files (x86)\Microsoft SDKs\Windows Kits\10\ExtensionSDKs\Microsoft.NET.Native.Framework.1.3\1.3\x86\ret\ILTransformed\System.Private.Reflection.ilpdb'))。"
"Message",Low,"由于 false 条件，已跳过任务“IlcErrorTask”；(!Exists('$(InputSharedAssemblyPath)\%(SharedLibraryContent.Identity)'))计算为(!Exists('C:\Program Files (x86)\Microsoft SDKs\Windows Kits\10\ExtensionSDKs\Microsoft.NET.Native.Framework.1.3\1.3\x86\ret\ILTransformed\System.Private.Reflection.Core.ilpdb'))。"
"Message",Low,"由于 false 条件，已跳过任务“IlcErrorTask”；(!Exists('$(InputSharedAssemblyPath)\%(SharedLibraryContent.Identity)'))计算为(!Exists('C:\Program Files (x86)\Microsoft SDKs\Windows Kits\10\ExtensionSDKs\Microsoft.NET.Native.Framework.1.3\1.3\x86\ret\ILTransformed\System.Private.Reflection.Execution.ilpdb'))。"
"Message",Low,"由于 false 条件，已跳过任务“IlcErrorTask”；(!Exists('$(InputSharedAssemblyPath)\%(SharedLibraryContent.Identity)'))计算为(!Exists('C:\Program Files (x86)\Microsoft SDKs\Windows Kits\10\ExtensionSDKs\Microsoft.NET.Native.Framework.1.3\1.3\x86\ret\ILTransformed\System.Private.Reflection.Metadata.ilpdb'))。"
"Message",Low,"由于 false 条件，已跳过任务“IlcErrorTask”；(!Exists('$(InputSharedAssemblyPath)\%(SharedLibraryContent.Identity)'))计算为(!Exists('C:\Program Files (x86)\Microsoft SDKs\Windows Kits\10\ExtensionSDKs\Microsoft.NET.Native.Framework.1.3\1.3\x86\ret\ILTransformed\System.Private.Threading.ilpdb'))。"
"Message",Low,"由于 false 条件，已跳过任务“IlcErrorTask”；(!Exists('$(InputSharedAssemblyPath)\%(SharedLibraryContent.Identity)'))计算为(!Exists('C:\Program Files (x86)\Microsoft SDKs\Windows Kits\10\ExtensionSDKs\Microsoft.NET.Native.Framework.1.3\1.3\x86\ret\ILTransformed\System.Private.TypeLoader.ilpdb'))。"
"Message",Low,"由于 false 条件，已跳过任务“IlcErrorTask”；(!Exists('$(InputSharedAssemblyPath)\%(SharedLibraryContent.Identity)'))计算为(!Exists('C:\Program Files (x86)\Microsoft SDKs\Windows Kits\10\ExtensionSDKs\Microsoft.NET.Native.Framework.1.3\1.3\x86\ret\ILTransformed\System.Private.Uri.ilpdb'))。"
"Message",Low,"由于 false 条件，已跳过任务“IlcErrorTask”；(!Exists('$(InputSharedAssemblyPath)\%(SharedLibraryContent.Identity)'))计算为(!Exists('C:\Program Files (x86)\Microsoft SDKs\Windows Kits\10\ExtensionSDKs\Microsoft.NET.Native.Framework.1.3\1.3\x86\ret\ILTransformed\System.Reflection.Extensions.ilpdb'))。"
"Message",Low,"由于 false 条件，已跳过任务“IlcErrorTask”；(!Exists('$(InputSharedAssemblyPath)\%(SharedLibraryContent.Identity)'))计算为(!Exists('C:\Program Files (x86)\Microsoft SDKs\Windows Kits\10\ExtensionSDKs\Microsoft.NET.Native.Framework.1.3\1.3\x86\ret\ILTransformed\System.Reflection.Primitives.ilpdb'))。"
"Message",Low,"由于 false 条件，已跳过任务“IlcErrorTask”；(!Exists('$(InputSharedAssemblyPath)\%(SharedLibraryContent.Identity)'))计算为(!Exists('C:\Program Files (x86)\Microsoft SDKs\Windows Kits\10\ExtensionSDKs\Microsoft.NET.Native.Framework.1.3\1.3\x86\ret\ILTransformed\System.Reflection.TypeExtensions.ilpdb'))。"
"Message",Low,"由于 false 条件，已跳过任务“IlcErrorTask”；(!Exists('$(InputSharedAssemblyPath)\%(SharedLibraryContent.Identity)'))计算为(!Exists('C:\Program Files (x86)\Microsoft SDKs\Windows Kits\10\ExtensionSDKs\Microsoft.NET.Native.Framework.1.3\1.3\x86\ret\ILTransformed\System.Resources.ResourceManager.ilpdb'))。"
"Message",Low,"由于 false 条件，已跳过任务“IlcErrorTask”；(!Exists('$(InputSharedAssemblyPath)\%(SharedLibraryContent.Identity)'))计算为(!Exists('C:\Program Files (x86)\Microsoft SDKs\Windows Kits\10\ExtensionSDKs\Microsoft.NET.Native.Framework.1.3\1.3\x86\ret\ILTransformed\System.Runtime.Extensions.ilpdb'))。"
"Message",Low,"由于 false 条件，已跳过任务“IlcErrorTask”；(!Exists('$(InputSharedAssemblyPath)\%(SharedLibraryContent.Identity)'))计算为(!Exists('C:\Program Files (x86)\Microsoft SDKs\Windows Kits\10\ExtensionSDKs\Microsoft.NET.Native.Framework.1.3\1.3\x86\ret\ILTransformed\System.Runtime.Implementation.ilpdb'))。"
"Message",Low,"由于 false 条件，已跳过任务“IlcErrorTask”；(!Exists('$(InputSharedAssemblyPath)\%(SharedLibraryContent.Identity)'))计算为(!Exists('C:\Program Files (x86)\Microsoft SDKs\Windows Kits\10\ExtensionSDKs\Microsoft.NET.Native.Framework.1.3\1.3\x86\ret\ILTransformed\System.Text.RegularExpressions.ilpdb'))。"
"Message",Low,"由于 false 条件，已跳过任务“IlcErrorTask”；(!Exists('$(InputSharedAssemblyPath)\%(SharedLibraryContent.Identity)'))计算为(!Exists('C:\Program Files (x86)\Microsoft SDKs\Windows Kits\10\ExtensionSDKs\Microsoft.NET.Native.Framework.1.3\1.3\x86\ret\ILTransformed\System.Private.SharedLibrary.Interop.Generated.ilpdb'))。"
"Message",Low,"由于 false 条件，已跳过任务“IlcErrorTask”；(!Exists('$(InputSharedAssemblyPath)\%(SharedLibraryContent.Identity)'))计算为(!Exists('C:\Program Files (x86)\Microsoft SDKs\Windows Kits\10\ExtensionSDKs\Microsoft.NET.Native.Framework.1.3\1.3\x86\ret\Toc\System.Collections.toc'))。"
"Message",Low,"由于 false 条件，已跳过任务“IlcErrorTask”；(!Exists('$(InputSharedAssemblyPath)\%(SharedLibraryContent.Identity)'))计算为(!Exists('C:\Program Files (x86)\Microsoft SDKs\Windows Kits\10\ExtensionSDKs\Microsoft.NET.Native.Framework.1.3\1.3\x86\ret\Toc\System.Collections.Concurrent.toc'))。"
"Message",Low,"由于 false 条件，已跳过任务“IlcErrorTask”；(!Exists('$(InputSharedAssemblyPath)\%(SharedLibraryContent.Identity)'))计算为(!Exists('C:\Program Files (x86)\Microsoft SDKs\Windows Kits\10\ExtensionSDKs\Microsoft.NET.Native.Framework.1.3\1.3\x86\ret\Toc\System.Diagnostics.Tracing.toc'))。"
"Message",Low,"由于 false 条件，已跳过任务“IlcErrorTask”；(!Exists('$(InputSharedAssemblyPath)\%(SharedLibraryContent.Identity)'))计算为(!Exists('C:\Program Files (x86)\Microsoft SDKs\Windows Kits\10\ExtensionSDKs\Microsoft.NET.Native.Framework.1.3\1.3\x86\ret\Toc\System.Dynamic.Runtime.toc'))。"
"Message",Low,"由于 false 条件，已跳过任务“IlcErrorTask”；(!Exists('$(InputSharedAssemblyPath)\%(SharedLibraryContent.Identity)'))计算为(!Exists('C:\Program Files (x86)\Microsoft SDKs\Windows Kits\10\ExtensionSDKs\Microsoft.NET.Native.Framework.1.3\1.3\x86\ret\Toc\System.IO.toc'))。"
"Message",Low,"由于 false 条件，已跳过任务“IlcErrorTask”；(!Exists('$(InputSharedAssemblyPath)\%(SharedLibraryContent.Identity)'))计算为(!Exists('C:\Program Files (x86)\Microsoft SDKs\Windows Kits\10\ExtensionSDKs\Microsoft.NET.Native.Framework.1.3\1.3\x86\ret\Toc\System.Linq.toc'))。"
"Message",Low,"由于 false 条件，已跳过任务“IlcErrorTask”；(!Exists('$(InputSharedAssemblyPath)\%(SharedLibraryContent.Identity)'))计算为(!Exists('C:\Program Files (x86)\Microsoft SDKs\Windows Kits\10\ExtensionSDKs\Microsoft.NET.Native.Framework.1.3\1.3\x86\ret\Toc\System.Linq.Expressions.toc'))。"
"Message",Low,"由于 false 条件，已跳过任务“IlcErrorTask”；(!Exists('$(InputSharedAssemblyPath)\%(SharedLibraryContent.Identity)'))计算为(!Exists('C:\Program Files (x86)\Microsoft SDKs\Windows Kits\10\ExtensionSDKs\Microsoft.NET.Native.Framework.1.3\1.3\x86\ret\Toc\System.ObjectModel.toc'))。"
"Message",Low,"由于 false 条件，已跳过任务“IlcErrorTask”；(!Exists('$(InputSharedAssemblyPath)\%(SharedLibraryContent.Identity)'))计算为(!Exists('C:\Program Files (x86)\Microsoft SDKs\Windows Kits\10\ExtensionSDKs\Microsoft.NET.Native.Framework.1.3\1.3\x86\ret\Toc\System.Private.CoreLib.toc'))。"
"Message",Low,"由于 false 条件，已跳过任务“IlcErrorTask”；(!Exists('$(InputSharedAssemblyPath)\%(SharedLibraryContent.Identity)'))计算为(!Exists('C:\Program Files (x86)\Microsoft SDKs\Windows Kits\10\ExtensionSDKs\Microsoft.NET.Native.Framework.1.3\1.3\x86\ret\Toc\System.Private.Interop.toc'))。"
"Message",Low,"由于 false 条件，已跳过任务“IlcErrorTask”；(!Exists('$(InputSharedAssemblyPath)\%(SharedLibraryContent.Identity)'))计算为(!Exists('C:\Program Files (x86)\Microsoft SDKs\Windows Kits\10\ExtensionSDKs\Microsoft.NET.Native.Framework.1.3\1.3\x86\ret\Toc\System.Private.Reflection.toc'))。"
"Message",Low,"由于 false 条件，已跳过任务“IlcErrorTask”；(!Exists('$(InputSharedAssemblyPath)\%(SharedLibraryContent.Identity)'))计算为(!Exists('C:\Program Files (x86)\Microsoft SDKs\Windows Kits\10\ExtensionSDKs\Microsoft.NET.Native.Framework.1.3\1.3\x86\ret\Toc\System.Private.Reflection.Core.toc'))。"
"Message",Low,"由于 false 条件，已跳过任务“IlcErrorTask”；(!Exists('$(InputSharedAssemblyPath)\%(SharedLibraryContent.Identity)'))计算为(!Exists('C:\Program Files (x86)\Microsoft SDKs\Windows Kits\10\ExtensionSDKs\Microsoft.NET.Native.Framework.1.3\1.3\x86\ret\Toc\System.Private.Reflection.Execution.toc'))。"
"Message",Low,"由于 false 条件，已跳过任务“IlcErrorTask”；(!Exists('$(InputSharedAssemblyPath)\%(SharedLibraryContent.Identity)'))计算为(!Exists('C:\Program Files (x86)\Microsoft SDKs\Windows Kits\10\ExtensionSDKs\Microsoft.NET.Native.Framework.1.3\1.3\x86\ret\Toc\System.Private.Reflection.Metadata.toc'))。"
"Message",Low,"由于 false 条件，已跳过任务“IlcErrorTask”；(!Exists('$(InputSharedAssemblyPath)\%(SharedLibraryContent.Identity)'))计算为(!Exists('C:\Program Files (x86)\Microsoft SDKs\Windows Kits\10\ExtensionSDKs\Microsoft.NET.Native.Framework.1.3\1.3\x86\ret\Toc\System.Private.Threading.toc'))。"
"Message",Low,"由于 false 条件，已跳过任务“IlcErrorTask”；(!Exists('$(InputSharedAssemblyPath)\%(SharedLibraryContent.Identity)'))计算为(!Exists('C:\Program Files (x86)\Microsoft SDKs\Windows Kits\10\ExtensionSDKs\Microsoft.NET.Native.Framework.1.3\1.3\x86\ret\Toc\System.Private.TypeLoader.toc'))。"
"Message",Low,"由于 false 条件，已跳过任务“IlcErrorTask”；(!Exists('$(InputSharedAssemblyPath)\%(SharedLibraryContent.Identity)'))计算为(!Exists('C:\Program Files (x86)\Microsoft SDKs\Windows Kits\10\ExtensionSDKs\Microsoft.NET.Native.Framework.1.3\1.3\x86\ret\Toc\System.Private.Uri.toc'))。"
"Message",Low,"由于 false 条件，已跳过任务“IlcErrorTask”；(!Exists('$(InputSharedAssemblyPath)\%(SharedLibraryContent.Identity)'))计算为(!Exists('C:\Program Files (x86)\Microsoft SDKs\Windows Kits\10\ExtensionSDKs\Microsoft.NET.Native.Framework.1.3\1.3\x86\ret\Toc\System.Reflection.Extensions.toc'))。"
"Message",Low,"由于 false 条件，已跳过任务“IlcErrorTask”；(!Exists('$(InputSharedAssemblyPath)\%(SharedLibraryContent.Identity)'))计算为(!Exists('C:\Program Files (x86)\Microsoft SDKs\Windows Kits\10\ExtensionSDKs\Microsoft.NET.Native.Framework.1.3\1.3\x86\ret\Toc\System.Reflection.Primitives.toc'))。"
"Message",Low,"由于 false 条件，已跳过任务“IlcErrorTask”；(!Exists('$(InputSharedAssemblyPath)\%(SharedLibraryContent.Identity)'))计算为(!Exists('C:\Program Files (x86)\Microsoft SDKs\Windows Kits\10\ExtensionSDKs\Microsoft.NET.Native.Framework.1.3\1.3\x86\ret\Toc\System.Reflection.TypeExtensions.toc'))。"
"Message",Low,"由于 false 条件，已跳过任务“IlcErrorTask”；(!Exists('$(InputSharedAssemblyPath)\%(SharedLibraryContent.Identity)'))计算为(!Exists('C:\Program Files (x86)\Microsoft SDKs\Windows Kits\10\ExtensionSDKs\Microsoft.NET.Native.Framework.1.3\1.3\x86\ret\Toc\System.Resources.ResourceManager.toc'))。"
"Message",Low,"由于 false 条件，已跳过任务“IlcErrorTask”；(!Exists('$(InputSharedAssemblyPath)\%(SharedLibraryContent.Identity)'))计算为(!Exists('C:\Program Files (x86)\Microsoft SDKs\Windows Kits\10\ExtensionSDKs\Microsoft.NET.Native.Framework.1.3\1.3\x86\ret\Toc\System.Runtime.Extensions.toc'))。"
"Message",Low,"由于 false 条件，已跳过任务“IlcErrorTask”；(!Exists('$(InputSharedAssemblyPath)\%(SharedLibraryContent.Identity)'))计算为(!Exists('C:\Program Files (x86)\Microsoft SDKs\Windows Kits\10\ExtensionSDKs\Microsoft.NET.Native.Framework.1.3\1.3\x86\ret\Toc\System.Runtime.Implementation.toc'))。"
"Message",Low,"由于 false 条件，已跳过任务“IlcErrorTask”；(!Exists('$(InputSharedAssemblyPath)\%(SharedLibraryContent.Identity)'))计算为(!Exists('C:\Program Files (x86)\Microsoft SDKs\Windows Kits\10\ExtensionSDKs\Microsoft.NET.Native.Framework.1.3\1.3\x86\ret\Toc\System.Text.RegularExpressions.toc'))。"
"Message",Low,"由于 false 条件，已跳过任务“IlcErrorTask”；(!Exists('$(InputSharedAssemblyPath)\%(SharedLibraryContent.Identity)'))计算为(!Exists('C:\Program Files (x86)\Microsoft SDKs\Windows Kits\10\ExtensionSDKs\Microsoft.NET.Native.Framework.1.3\1.3\x86\ret\Toc\System.Private.SharedLibrary.Interop.Generated.toc'))。"
"Message",Low,"由于 false 条件，已跳过任务“IlcErrorTask”；(!Exists('$(InputSharedAssemblyPath)\%(SharedLibraryContent.Identity)'))计算为(!Exists('C:\Program Files (x86)\Microsoft SDKs\Windows Kits\10\ExtensionSDKs\Microsoft.NET.Native.Framework.1.3\1.3\x86\ret\MDIL\SharedLibrary.mdildll'))。"
"Message",Low,"已完成在项目“Unnamed_1”中生成目标“SetForSharedInputs”的操作。"
"Message",Low,"由于条件的计算结果为 false，已跳过目标“SetForBuildSharedAssemblies”；('$(BuildSharedAssemblies)' == 'true')的计算结果为('false' == 'true')。"
"Message",Low,"来自项目“D:\UWP-master\NavDemo\NavDemo\Unnamed_1”的文件“C:\Program Files (x86)\MSBuild\15.0\.Net\.NetNative\15.0.24211\x86\ilc\IlcInternals.targets”中的目标“ResolveInitialReferences”(目标“RunILTransforms”依赖于它):"
"Message",Low,"任务“ResolveFilePathTask”"
"Message",Low,"已完成执行任务“ResolveFilePathTask”的操作。"
"Message",Low,"由于 false 条件，已跳过任务“IlcErrorTask”；('@(UnresolvedInitialAssemblyClosureRoots)' != '')计算为('' != '')。"
"Message",Low,"任务“ResolveFilePathTask”"
"Message",Low,"已完成执行任务“ResolveFilePathTask”的操作。"
"Message",Low,"由于 false 条件，已跳过任务“IlcErrorTask”；('@(UnresolvedManagedDllFilesErrorParameters)'!='')计算为(''!='')。"
"Message",Low,"任务“Message”"
"Message",Normal,"Running AssemblyClosureTask in ResolveInitialReferences (1)"
"Message",Low,"已完成执行任务“Message”的操作。"
"Message",Low,"任务“AssemblyClosureTask”"
"Message",Low,"已完成执行任务“AssemblyClosureTask”的操作。"
"Message",Low,"任务“Message”"
"Message",Normal,"Running AssemblyClosureTask in ResolveInitialReferences (2)"
"Message",Low,"已完成执行任务“Message”的操作。"
"Message",Low,"任务“AssemblyClosureTask”"
"Message",Low,"已完成执行任务“AssemblyClosureTask”的操作。"
"Message",Low,"正在使用程序集“Microsoft.Build.Tasks.v4.0, Version=4.0.0.0, Culture=neutral, PublicKeyToken=b03f5f7f11d50a3a”中的“RemoveDuplicates”任务。"
"Message",Low,"任务“RemoveDuplicates”"
"Message",Low,"已完成执行任务“RemoveDuplicates”的操作。"
"Message",Low,"已完成在项目“Unnamed_1”中生成目标“ResolveInitialReferences”的操作。"
"Message",Low,"来自项目“D:\UWP-master\NavDemo\NavDemo\Unnamed_1”的文件“C:\Program Files (x86)\MSBuild\15.0\.Net\.NetNative\15.0.24211\x86\ilc\IlcInternals.targets”中的目标“RunILTransforms”(目标“MDILPrepareMultiFile”依赖于它):"
"Message",Low,"正在完全生成目标“RunILTransforms”。"
"Message",Low,"输出文件“D:\UWP-master\NavDemo\NavDemo\obj\x86\Release\ilc\intermediate\ILTransformed\NavDemo.ilexe”不存在。"
"Message",Low,"任务“IlcMessageTask”"
"Message",High,"Processing application code"
"Message",Low,"已完成执行任务“IlcMessageTask”的操作。"
"Message",Low,"正在使用程序集“C:\Program Files (x86)\MSBuild\15.0\.Net\.NetNative\15.0.24211\x86\ilc\ilc.exe”中的“ValidateSimpleNamesTask”任务。"
"Message",Low,"任务“ValidateSimpleNamesTask”"
"Message",Low,"已完成执行任务“ValidateSimpleNamesTask”的操作。"
"Message",Low,"任务“MakeDir”"
"Message",Normal,"正在创建目录“D:\UWP-master\NavDemo\NavDemo\obj\x86\Release\ilc\intermediate\ILTransformed\”。"
"Message",Low,"已完成执行任务“MakeDir”的操作。"
"Message",Low,"由于 false 条件，已跳过任务“MakeDir”；('$(BuildSharedAssemblies)' == 'true')计算为('false' == 'true')。"
"Message",Low,"由于 false 条件，已跳过任务“MakeDir”；('$(BuildSharedAssemblies)' == 'true')计算为('false' == 'true')。"
"Message",Low,"由于 false 条件，已跳过任务“IlcErrorTask”；('$(PlatformTarget)'=='')计算为('x86'=='')。"
"Message",Low,"任务“ResolveFilePathTask”"
"Message",Low,"已完成执行任务“ResolveFilePathTask”的操作。"
"Message",Low,"由于 false 条件，已跳过任务“IlcErrorTask”；('@(UnresolvedMcgSourceContractsReferencesErrorParameters)'!='')计算为(''!='')。"
"Message",Low,"任务“ResolveFilePathTask”"
"Message",Low,"已完成执行任务“ResolveFilePathTask”的操作。"
"Message",Low,"由于 false 条件，已跳过任务“IlcErrorTask”；('@(UnresolvedMcgSourceFacadeErrorParameters)'!='')计算为(''!='')。"
"Message",Low,"任务“ResolveFilePathTask”"
"Message",Low,"已完成执行任务“ResolveFilePathTask”的操作。"
"Message",Low,"由于 false 条件，已跳过任务“IlcErrorTask”；('@(UnresolvedFinalAssemblyClosureRoots)' != '')计算为('' != '')。"
"Message",Low,"任务“ResolveFilePathTask”"
"Message",Low,"已完成执行任务“ResolveFilePathTask”的操作。"
"Message",Low,"由于 false 条件，已跳过任务“IlcErrorTask”；('@(UnresolvedManagedDllFilesErrorParameters)'!='')计算为(''!='')。"
"Message",Low,"任务“Message”"
"Message",Normal,"Running AssemblyClosureTask in RunILTransforms"
"Message",Low,"已完成执行任务“Message”的操作。"
"Message",Low,"任务“AssemblyClosureTask”"
"Message",Low,"已完成执行任务“AssemblyClosureTask”的操作。"
"Message",Low,"由于 false 条件，已跳过任务“ResolveFilePathTask”；('$(UseSharedAssemblies)' != 'true')计算为('true' != 'true')。"
"Message",Low,"由于 false 条件，已跳过任务“IlcErrorTask”；('@(UnresolvedCoreAssemblyErrorParameters)'!='')计算为(''!='')。"
"Message",Low,"任务“RemoveDuplicates”"
"Message",Low,"已完成执行任务“RemoveDuplicates”的操作。"
"Message",Low,"由于 false 条件，已跳过任务“AddToNativePackageTask”；('@(NeedsClrCompression)' != '')计算为('' != '')。"
"Message",Low,"任务“MakeDir”"
"Message",Normal,"正在创建目录“D:\UWP-master\NavDemo\NavDemo\obj\x86\Release\ilc\intermediate\SgGenerated”。"
"Message",Low,"已完成执行任务“MakeDir”的操作。"
"Message",Low,"任务“WriteLinesToFile”"
"Message",Low,"已完成执行任务“WriteLinesToFile”的操作。"
"Message",Low,"任务“MakeDir”"
"Message",Normal,"正在创建目录“D:\UWP-master\NavDemo\NavDemo\obj\x86\Release\ilc\intermediate\ResW\”。"
"Message",Low,"已完成执行任务“MakeDir”的操作。"
"Message",Low,"由于 false 条件，已跳过任务“IlcWarningTask”；('$(BuildSharedAssemblies)' != 'true' and '@(ReducerInputFiles)' == '')计算为('false' != 'true' and 'D:\UWP-master\NavDemo\NavDemo\obj\x86\Release\ilc\in\Microsoft.Xaml.Interactions\Properties\Microsoft.Xaml.Interactions.rd.xml;D:\UWP-master\NavDemo\NavDemo\obj\x86\Release\ilc\in\Microsoft.Xaml.Interactivity\Properties\Microsoft.Xaml.Interactivity.rd.xml;D:\UWP-master\NavDemo\NavDemo\obj\x86\Release\ilc\in\Properties\Default.rd.xml' == '')。"
"Message",Low,"任务“ILTransformTask”"
"Message",Normal,"Running 'Analysis' transform, heap at 113 MB."
"Message",Low,"Loading 100 modules..."
"Message",Normal,"Imported reflection directives from 23 files:"
"Message",Normal,"D:\UWP-master\NavDemo\NavDemo\obj\x86\Release\ilc\in\Microsoft.Xaml.Interactions\Properties\Microsoft.Xaml.Interactions.rd.xml"
"Message",Normal,"D:\UWP-master\NavDemo\NavDemo\obj\x86\Release\ilc\in\Microsoft.Xaml.Interactivity\Properties\Microsoft.Xaml.Interactivity.rd.xml"
"Message",Normal,"D:\UWP-master\NavDemo\NavDemo\obj\x86\Release\ilc\in\Properties\Default.rd.xml"
"Message",Normal,"Embedded manifest in System.Diagnostics.Tracing: Resources.System.Diagnostics.Tracing.rd.xml"
"Message",Normal,"Embedded manifest in System.Runtime.Serialization.Primitives: System.Runtime.Serialization.Primitives.Resources.System.Runtime.Serialization.Primitives.rd.xml"
"Message",Normal,"Embedded manifest in System.Private.Reflection: System.Private.Reflection.rd.xml"
"Message",Normal,"Embedded manifest in System.Private.CoreLib: Resources.System.Private.CoreLib.rd.xml"
"Message",Normal,"Embedded manifest in System.Private.Uri: Resources.System.Private.Uri.rd.xml"
"Message",Normal,"Embedded manifest in System.Private.Reflection.Core: System.Private.Reflection.Core.rd.xml"
"Message",Normal,"Embedded manifest in System.Private.Interop: Resources.System.Private.Interop.rd.xml"
"Message",Normal,"Embedded manifest in System.Linq.Expressions: Resources.System.Linq.Expressions.rd.xml"
"Message",Normal,"Embedded manifest in System.Dynamic.Runtime: Resources.System.Dynamic.Runtime.rd.xml"
"Message",Normal,"Embedded manifest in Microsoft.CSharp: Microsoft.CSharp.Resources.Microsoft.CSharp.rd.xml"
"Message",Normal,"Embedded manifest in System.Private.PortableThunks: Resources.System.Private.PortableThunks.rd.xml"
"Message",Normal,"Embedded manifest in System.Xml.XDocument: System.Xml.Resources.System.Xml.XDocument.rd.xml"
"Message",Normal,"Embedded manifest in System.Xml.ReaderWriter: System.Xml.Resources.System.Xml.ReaderWriter.rd.xml"
"Message",Normal,"Embedded manifest in Microsoft.Toolkit.Uwp: Microsoft.Toolkit.Uwp.Properties.Microsoft.Windows.Toolkit.rd.xml"
"Message",Normal,"Embedded manifest in MVVMSidekick_UAP10: MVVMSidekick_UAP10.Properties.MVVMSidekick_UAP10.rd.xml"
"Message",Normal,"Microsoft.Practices.ServiceLocation"
"Message",Normal,"Newtonsoft.Json"
"Message",Normal,"System.Reactive.Core"
"Message",Normal,"System.Reactive.Linq"
"Message",Normal,"System.Reactive.PlatformServices"
"Message",Normal,"Imported XAML Roots from 1 files:"
"Message",Normal,"D:\UWP-master\NavDemo\NavDemo\obj\x86\Release\ilc\in\NavDemo.xr.xml"
"Warning"," Resources.System.Linq.Expressions.rd.xml",35,0,"ILTransform_0027: Method 'CreateLambda' within 'System.Linq.Expressions.Expression' could not be found."
"Warning"," Resources.System.Linq.Expressions.rd.xml",91,0,"ILTransform_0027: Method 'ParameterIsAssignable' within 'System.Linq.Expressions.Expression' could not be found."
"Message",Normal,"Running 'Mcg' transform, heap at 299 MB."
"Message",High,"Computing application closure and generating interop code"
"Message",Normal,"  List of .lib files:"
"Message",Normal,"      WindowsApp.lib"
"Message",Normal,"  List of .lib search paths:"
"Message",Normal,"      C:\Program Files (x86)\Windows Kits\10\lib\10.0.17134.0\um\x86"
"Message",Normal,"  Loading exports from libs..."
"Message",Normal,"      3181 exports read from 'C:\Program Files (x86)\Windows Kits\10\lib\10.0.17134.0\um\x86\WindowsApp.lib'."
"Message",Normal,"  Loading 100 modules..."
"Message",Normal,"  Generating code..."
"Message",Normal,"      Resolving P/invokes..."
"Message",Normal,"          P/Invoke 'sqlite3_open' resolved to sqlite3!sqlite3_open"
"Message",Normal,"          P/Invoke 'sqlite3_open_v2' resolved to sqlite3!sqlite3_open_v2"
"Message",Normal,"          P/Invoke 'sqlite3_open_v2' resolved to sqlite3!sqlite3_open_v2"
"Message",Normal,"          P/Invoke 'sqlite3_open16' resolved to sqlite3!sqlite3_open16"
"Message",Normal,"          P/Invoke 'sqlite3_close' resolved to sqlite3!sqlite3_close"
"Message",Normal,"          P/Invoke 'sqlite3_config' resolved to sqlite3!sqlite3_config"
"Message",Normal,"          P/Invoke 'sqlite3_win32_set_directory' resolved to sqlite3!sqlite3_win32_set_directory"
"Message",Normal,"          P/Invoke 'sqlite3_busy_timeout' resolved to sqlite3!sqlite3_busy_timeout"
"Message",Normal,"          P/Invoke 'sqlite3_changes' resolved to sqlite3!sqlite3_changes"
"Message",Normal,"          P/Invoke 'sqlite3_prepare_v2' resolved to sqlite3!sqlite3_prepare_v2"
"Message",Normal,"          P/Invoke 'sqlite3_step' resolved to sqlite3!sqlite3_step"
"Message",Normal,"          P/Invoke 'sqlite3_reset' resolved to sqlite3!sqlite3_reset"
"Message",Normal,"          P/Invoke 'sqlite3_finalize' resolved to sqlite3!sqlite3_finalize"
"Message",Normal,"          P/Invoke 'sqlite3_last_insert_rowid' resolved to sqlite3!sqlite3_last_insert_rowid"
"Message",Normal,"          P/Invoke 'sqlite3_errmsg16' resolved to sqlite3!sqlite3_errmsg16"
"Message",Normal,"          P/Invoke 'sqlite3_bind_parameter_index' resolved to sqlite3!sqlite3_bind_parameter_index"
"Message",Normal,"          P/Invoke 'sqlite3_bind_null' resolved to sqlite3!sqlite3_bind_null"
"Message",Normal,"          P/Invoke 'sqlite3_bind_int' resolved to sqlite3!sqlite3_bind_int"
"Message",Normal,"          P/Invoke 'sqlite3_bind_int64' resolved to sqlite3!sqlite3_bind_int64"
"Message",Normal,"          P/Invoke 'sqlite3_bind_double' resolved to sqlite3!sqlite3_bind_double"
"Message",Normal,"          P/Invoke 'sqlite3_bind_text16' resolved to sqlite3!sqlite3_bind_text16"
"Message",Normal,"          P/Invoke 'sqlite3_bind_blob' resolved to sqlite3!sqlite3_bind_blob"
"Message",Normal,"          P/Invoke 'sqlite3_column_count' resolved to sqlite3!sqlite3_column_count"
"Message",Normal,"          P/Invoke 'sqlite3_column_name' resolved to sqlite3!sqlite3_column_name"
"Message",Normal,"          P/Invoke 'sqlite3_column_name16' resolved to sqlite3!sqlite3_column_name16"
"Message",Normal,"          P/Invoke 'sqlite3_column_type' resolved to sqlite3!sqlite3_column_type"
"Message",Normal,"          P/Invoke 'sqlite3_column_int' resolved to sqlite3!sqlite3_column_int"
"Message",Normal,"          P/Invoke 'sqlite3_column_int64' resolved to sqlite3!sqlite3_column_int64"
"Message",Normal,"          P/Invoke 'sqlite3_column_double' resolved to sqlite3!sqlite3_column_double"
"Message",Normal,"          P/Invoke 'sqlite3_column_text' resolved to sqlite3!sqlite3_column_text"
"Message",Normal,"          P/Invoke 'sqlite3_column_text16' resolved to sqlite3!sqlite3_column_text16"
"Message",Normal,"          P/Invoke 'sqlite3_column_blob' resolved to sqlite3!sqlite3_column_blob"
"Message",Normal,"          P/Invoke 'sqlite3_column_bytes' resolved to sqlite3!sqlite3_column_bytes"
"Message",Normal,"          P/Invoke 'sqlite3_extended_errcode' resolved to sqlite3!sqlite3_extended_errcode"
"Message",Normal,"          P/Invoke 'sqlite3_libversion_number' resolved to sqlite3!sqlite3_libversion_number"
"Message",Normal,"          P/Invoke 'sqlite3_sourceid' resolved to sqlite3!sqlite3_sourceid"
"Message",Normal,"          P/Invoke 'sqlite3_backup_init' resolved to sqlite3!sqlite3_backup_init"
"Message",Normal,"          P/Invoke 'sqlite3_backup_step' resolved to sqlite3!sqlite3_backup_step"
"Message",Normal,"          P/Invoke 'sqlite3_backup_finish' resolved to sqlite3!sqlite3_backup_finish"
"Message",Normal,"          P/Invoke 'sqlite3_backup_remaining' resolved to sqlite3!sqlite3_backup_remaining"
"Message",Normal,"          P/Invoke 'sqlite3_backup_pagecount' resolved to sqlite3!sqlite3_backup_pagecount"
"Message",Normal,"          P/Invoke 'sqlite3_sleep' resolved to sqlite3!sqlite3_sleep"
"Message",Normal,"          P/Invoke 'RhWaitForPendingFinalizers' could not be resolved but ExactSpelling specified , defaulting to [MRT]!RhWaitForPendingFinalizers"
"Message",Normal,"          P/Invoke 'RhCompatibleReentrantWaitAny' could not be resolved but ExactSpelling specified , defaulting to [MRT]!RhCompatibleReentrantWaitAny"
"Message",Normal,"          P/Invoke '_ecvt_s' could not be resolved but ExactSpelling specified , defaulting to [MRT]!_ecvt_s"
"Message",Normal,"          P/Invoke 'memmove' could not be resolved but ExactSpelling specified , defaulting to [MRT]!memmove"
"Message",Normal,"          P/Invoke 'CallingConventionConverter_GetStubs' could not be resolved but ExactSpelling specified , defaulting to *!CallingConventionConverter_GetStubs"
"Message",Normal,"          P/Invoke 'GetLastError' resolved to api-ms-win-core-errorhandling-l1-1-0.dll!GetLastError"
"Message",Normal,"          P/Invoke 'RoInitialize' resolved to api-ms-win-core-winrt-l1-1-0.dll!RoInitialize"
"Message",Normal,"          P/Invoke 'IsValidLocaleName' resolved to api-ms-win-core-localization-l1-2-0.dll!IsValidLocaleName"
"Message",Normal,"          P/Invoke 'ResolveLocaleName' resolved to api-ms-win-core-localization-l1-2-0.dll!ResolveLocaleName"
"Message",Normal,"          P/Invoke 'GetCPInfoExW' resolved to api-ms-win-core-localization-l1-2-0.dll!GetCPInfoExW"
"Message",Normal,"          P/Invoke 'FormatMessageW' resolved to api-ms-win-core-localization-l1-2-0.dll!FormatMessageW"
"Message",Normal,"          P/Invoke 'CoCreateInstance' could not be resolved but ExactSpelling specified , defaulting to api-ms-win-core-com-l1-1-0.dll!CoCreateInstance"
"Message",Normal,"          P/Invoke 'SysFreeString' resolved to oleaut32.dll!#6"
"Message",Normal,"          P/Invoke 'GetFileType' resolved to api-ms-win-core-file-l1-1-0.dll!GetFileType"
"Message",Normal,"          P/Invoke 'GetFileAttributesExW' resolved to api-ms-win-core-file-l1-1-0.dll!GetFileAttributesExW"
"Message",Normal,"          P/Invoke 'SetFilePointerEx' resolved to api-ms-win-core-file-l1-1-0.dll!SetFilePointerEx"
"Message",Normal,"          P/Invoke 'SetEndOfFile' resolved to api-ms-win-core-file-l1-1-0.dll!SetEndOfFile"
"Message",Normal,"          P/Invoke 'FindFirstFileExW' resolved to api-ms-win-core-file-l1-1-0.dll!FindFirstFileExW"
"Message",Normal,"          P/Invoke 'ReadFile' resolved to api-ms-win-core-file-l1-1-0.dll!ReadFile"
"Message",Normal,"          P/Invoke 'ReadFile' resolved to api-ms-win-core-file-l1-1-0.dll!ReadFile"
"Message",Normal,"          P/Invoke 'WriteFile' resolved to api-ms-win-core-file-l1-1-0.dll!WriteFile"
"Message",Normal,"          P/Invoke 'WriteFile' resolved to api-ms-win-core-file-l1-1-0.dll!WriteFile"
"Message",Normal,"          P/Invoke 'FindClose' resolved to api-ms-win-core-file-l1-1-0.dll!FindClose"
"Message",Normal,"          P/Invoke 'FlushFileBuffers' resolved to api-ms-win-core-file-l1-1-0.dll!FlushFileBuffers"
"Message",Normal,"          P/Invoke 'GetFileInformationByHandleEx' resolved to api-ms-win-core-file-l2-1-0.dll!GetFileInformationByHandleEx"
"Message",Normal,"          P/Invoke 'CreateThreadpoolIo' resolved to api-ms-win-core-threadpool-l1-2-0.dll!CreateThreadpoolIo"
"Message",Normal,"          P/Invoke 'CloseThreadpoolIo' resolved to api-ms-win-core-threadpool-l1-2-0.dll!CloseThreadpoolIo"
"Message",Normal,"          P/Invoke 'StartThreadpoolIo' resolved to api-ms-win-core-threadpool-l1-2-0.dll!StartThreadpoolIo"
"Message",Normal,"          P/Invoke 'CancelThreadpoolIo' resolved to api-ms-win-core-threadpool-l1-2-0.dll!CancelThreadpoolIo"
"Message",Normal,"          P/Invoke 'CreateFile2' resolved to api-ms-win-core-file-l1-2-0.dll!CreateFile2"
"Message",Normal,"          P/Invoke 'CloseHandle' resolved to api-ms-win-core-handle-l1-1-0.dll!CloseHandle"
"Message",Normal,"          P/Invoke 'CancelIoEx' resolved to api-ms-win-core-io-l1-1-0.dll!CancelIoEx"
"Message",Normal,"          P/Invoke 'RoGetBufferMarshaler' resolved to api-ms-win-core-winrt-robuffer-l1-1-0.dll!RoGetBufferMarshaler"
"Message",Normal,"  Interop code generated."
"Message",Normal,"  Written code to AssemblyInfo.g.cs"
"Message",Normal,"  Written code to Adapters.g.cs"
"Message",Normal,"  Written code to Data.g.cs"
"Message",Normal,"  Written code to Helpers.g.cs"
"Message",Normal,"  Written code to ImplTypes.g.cs"
"Message",Normal,"  Written code to PInvoke.g.cs"
"Message",Normal,"  Written code to SafeTypes.g.cs"
"Message",Normal,"  Written code to SharedStubs.g.cs"
"Message",Normal,"  Written code to NavDemo.ITFProxy.g.cs"
"Message",Normal,"Running 'CompileMcgSourceAndSerializationAssemblyGenerator' transform, heap at 367 MB."
"Message",High,"Generating serialization code"
"Message",High,"Compiling interop code"
"Message",Low,"Compiling MCG output with arguments:  /debug:""pdbonly"" /nowarn:""0436;0618;1668;1685;1701;1702"" /debug+ /nostdlib+ /optimize+ /out:""D:\UWP-master\NavDemo\NavDemo\obj\x86\Release\ilc\intermediate\NavDemo.McgInterop.dll"" /pdb:""D:\UWP-master\NavDemo\NavDemo\obj\x86\Release\ilc\intermediate\NavDemo.McgInterop.pdb"" /platform:""x86"" /warnaserror+ /unsafe /noconfig /nologo /target:library /define:""MCG_PRE_BUILD"" /r:""C:\Program Files (x86)\MSBuild\15.0\.Net\.NetNative\15.0.24211\x86\ilc\lib\Private\System.Private.Corelib.dll"" /r:""C:\Program Files (x86)\MSBuild\15.0\.Net\.NetNative\15.0.24211\x86\ilc\lib\Private\System.Private.Corelib.InteropServices.dll"" /r:""C:\Program Files (x86)\MSBuild\15.0\.Net\.NetNative\15.0.24211\x86\ilc\lib\Private\System.Private.Interop.dll"" /r:""D:\UWP-master\NavDemo\NavDemo\obj\x86\Release\ilc\in\System.Private.Uri.dll"" /r:""C:\Program Files (x86)\MSBuild\15.0\.Net\.NetNative\15.0.24211\x86\ilc\lib\Private\System.Private.CompilerServices.ICastable.dll"" /r:""C:\Program Files (x86)\MSBuild\15.0\.Net\.NetNative\15.0.24211\x86\ilc\lib\Private\System.Private.Reflection.dll"" /r:""C:\Program Files (x86)\MSBuild\15.0\.Net\.NetNative\15.0.24211\x86\ilc\lib\Private\System.Private.DispatchProxy.dll"" /r:""D:\UWP-master\NavDemo\NavDemo\obj\x86\Release\ilc\in\System.Reflection.DispatchProxy.dll"" /r:""D:\UWP-master\NavDemo\NavDemo\obj\x86\Release\ilc\in\System.Reflection.dll"" /r:""D:\UWP-master\NavDemo\NavDemo\obj\x86\Release\ilc\in\System.Runtime.dll"" /r:""D:\UWP-master\NavDemo\NavDemo\obj\x86\Release\ilc\in\System.Runtime.InteropServices.dll"" /r:""D:\UWP-master\NavDemo\NavDemo\obj\x86\Release\ilc\in\System.Runtime.InteropServices.WindowsRuntime.dll"" /r:""D:\UWP-master\NavDemo\NavDemo\obj\x86\Release\ilc\in\System.Numerics.Vectors.dll"" /r:""D:\UWP-master\NavDemo\NavDemo\obj\x86\Release\ilc\in\System.Threading.dll"" /r:""D:\UWP-master\NavDemo\NavDemo\obj\x86\Release\ilc\in\System.Diagnostics.Debug.dll"" /r:""D:\UWP-master\NavDemo\NavDemo\obj\x86\Release\ilc\intermediate\TransformedSRWR\System.Runtime.WindowsRuntime.dll"" /r:""D:\UWP-master\NavDemo\NavDemo\obj\x86\Release\ilc\in\System.Runtime.WindowsRuntime.UI.Xaml.dll"" /r:""D:\UWP-master\NavDemo\NavDemo\obj\x86\Release\ilc\in\System.Dynamic.Runtime.dll"" /r:""C:\Program Files (x86)\MSBuild\15.0\.Net\.NetNative\15.0.24211\x86\ilc\lib\Private\System.Private.CoreLib.Augments.dll"" /r:""D:\UWP-master\NavDemo\NavDemo\obj\x86\Release\ilc\in\System.Runtime.Extensions.dll"" /r:""D:\UWP-master\NavDemo\NavDemo\obj\x86\Release\ilc\in\System.Collections.dll"" /r:""D:\UWP-master\NavDemo\NavDemo\obj\x86\Release\ilc\in\System.ObjectModel.dll"" /r:""C:\Program Files (x86)\Microsoft SDKs\Windows Kits\10\ExtensionSDKs\Microsoft.NET.Native.Framework.1.3\1.3\x86\ret\AnalysisILToc\System.Private.SharedLibrary.Interop.Generated.iltoc"" ""D:\UWP-master\NavDemo\NavDemo\obj\x86\Release\ilc\intermediate\NavDemo.ITFProxy.g.cs"" ""D:\UWP-master\NavDemo\NavDemo\obj\x86\Release\ilc\intermediate\NavDemo.McgInterop\Adapters.g.cs"" ""D:\UWP-master\NavDemo\NavDemo\obj\x86\Release\ilc\intermediate\NavDemo.McgInterop\AssemblyInfo.g.cs"" ""D:\UWP-master\NavDemo\NavDemo\obj\x86\Release\ilc\intermediate\NavDemo.McgInterop\Data.g.cs"" ""D:\UWP-master\NavDemo\NavDemo\obj\x86\Release\ilc\intermediate\NavDemo.McgInterop\Helpers.g.cs"" ""D:\UWP-master\NavDemo\NavDemo\obj\x86\Release\ilc\intermediate\NavDemo.McgInterop\ImplTypes.g.cs"" ""D:\UWP-master\NavDemo\NavDemo\obj\x86\Release\ilc\intermediate\NavDemo.McgInterop\PInvoke.g.cs"" ""D:\UWP-master\NavDemo\NavDemo\obj\x86\Release\ilc\intermediate\NavDemo.McgInterop\SafeTypes.g.cs"" ""D:\UWP-master\NavDemo\NavDemo\obj\x86\Release\ilc\intermediate\NavDemo.McgInterop\SharedStubs.g.cs"""
"Message",Normal,"Running 'DumpNativeResources' transform, heap at 368 MB."
"Message",Normal,"Running 'ReducedCopyInitialize' transform, heap at 368 MB."
"Message",Normal,"Running 'ReducedCopyEmptyTypes' transform, heap at 290 MB."
"Message",Normal,"Running 'ReducedCopyPopulateTypes' transform, heap at 318 MB."
"Message",Normal,"Running 'ReducedCopyLateMetadata' transform, heap at 384 MB."
"Message",Normal,"Running 'ReducedCopyMethodBodies' transform, heap at 377 MB."
"Message",Normal,"Running 'ReducedCopyComplete' transform, heap at 451 MB."
"Message",Normal,"Running 'ReducedCopyCleanup' transform, heap at 446 MB."
"Message",Normal,"Running 'DeveloperExperienceModeOnlyCodeRemover' transform, heap at 446 MB."
"Message",Normal,"Running 'ComImportDetector' transform, heap at 454 MB."
"Message",Normal,"Running 'McgAccessor' transform, heap at 454 MB."
"Message",Normal,"Running 'McgRedirect' transform, heap at 461 MB."
"Message",Normal,"Running 'McgRedirect' transform, heap at 482 MB."
"Message",Normal,"Running 'McgTypeOf' transform, heap at 483 MB."
"Message",Normal,"Running 'ExceptionMiniaturizer' transform, heap at 495 MB."
"Message",Normal,"Running 'EventSource' transform, heap at 506 MB."
"Message",Normal,"Running 'ValueType' transform, heap at 507 MB."
"Message",Normal,"Running 'Attribute' transform, heap at 507 MB."
"Message",Normal,"Running 'GetType' transform, heap at 508 MB."
"Message",Normal,"Running 'McgFixups' transform, heap at 509 MB."
"Message",Normal,"Running 'ResourceManagerCtor' transform, heap at 512 MB."
"Message",Normal,"Running 'TypeofTypeHandle' transform, heap at 512 MB."
"Message",Normal,"Running 'DispatchProxyIntrinsics' transform, heap at 520 MB."
"Message",Normal,"Running 'StaticInitData' transform, heap at 521 MB."
"Message",Normal,"Running 'StartupCodeInjector' transform, heap at 456 MB."
"Message",Normal,"Running 'InjectAppContextSwitches' transform, heap at 457 MB."
"Message",Normal,"Running 'ImplementLibraryDynamicInvokeHelpers' transform, heap at 457 MB."
"Message",Normal,"Running 'Delegate' transform, heap at 457 MB."
"Message",Normal,"Running 'DelegateCtorCall' transform, heap at 474 MB."
"Message",Normal,"Running 'LazyGenerics' transform, heap at 481 MB."
"Message",Normal,"Running 'AddReflectionBlockedAttributes' transform, heap at 554 MB."
"Message",Normal,"Running 'DisableOptimization' transform, heap at 555 MB."
"Message",Normal,"Running 'CreateMetadata' transform, heap at 555 MB."
"Message",Normal,"Running 'SaveRVAStatics' transform, heap at 489 MB."
"Message",Normal,"Running 'ReflectionInvoke' transform, heap at 492 MB."
"Message",Normal,"Running 'ScrubOpenCalls' transform, heap at 414 MB."
"Message",Normal,"Running 'Calli' transform, heap at 414 MB."
"Message",Normal,"Running 'ConvertCatchIntoFilter' transform, heap at 425 MB."
"Message",Normal,"Running 'ReflectionMappingInfoEmit' transform, heap at 425 MB."
"Message",Normal,"Running 'ConvertManagedWinMD' transform, heap at 436 MB."
"Message",Normal,"Running 'Reducer' transform, heap at 436 MB."
"Message",High,"Cleaning up unreferenced code"
"Message",Normal,"Running 'WriteAssemblies' transform, heap at 503 MB."
